METADATA,,,,,,,,,,,,,
title.en,List of terrestrial trunk radio mobile country codes,,,,,,,,,,,,
title.fr,LISTE DES INDICATIFS DE PAYS POUR LE SERVICE MOBILE DE RADIOCOMMUNICATION DE TERRE À RESSOURCES PARTAGÉES,,,,,,,,,,,,
title.es,LISTA DE INDICATIVOS DE PAÍS PARA EL SERVICIO MÓVIL DE RADIOCOMUNICACIÓN CON CONCENTRACIÓN DE ENLACES TERRENALES v,,,,,,,,,,,,
title.ru,СПИСОК КОДОВ СТРАНЫ ДЛЯ ПОДВИЖНОЙ СВЯЗИ В СИСТЕМЕ НАЗЕМНОЙ ТРАНКИНГОВОЙ РАДИОСВЯЗИ,,,,,,,,,,,,
title.zh,地面集群无线电移动国家代码列表,,,,,,,,,,,,
title.ar,قائمة بالرموز الدليلية للبلدان للاتصالات الراديوية المتنقلة للأرض للاتصال البعيد ,,,,,,,,,,,,
locale.tmcc_code.en,Code (TMCC),,,,,,,,,,,,
locale.country_or_area.en,Country or Geographical Area,,,,,,,,,,,,
locale.note.en,Note,,,,,,,,,,,,
locale.reserved.en,Reserved,,,,,,,,,,,,
locale.tmcc_code.fr,Indicatif (TMCC),,,,,,,,,,,,
locale.country_or_area.fr,Pays ou zone géographique,,,,,,,,,,,,
locale.note.fr,Note,,,,,,,,,,,,
locale.reserved.fr,Réservé,,,,,,,,,,,,
locale.tmcc_code.es,Indicativo(TMCC),,,,,,,,,,,,
locale.country_or_area.es,País o zona geográfica,,,,,,,,,,,,
locale.note.es,Nota,,,,,,,,,,,,
locale.reserved.es,Reservado,,,,,,,,,,,,
locale.tmcc_code.ru,Код (TMCC),,,,,,,,,,,,
locale.country_or_area.ru,Страна или географическая зона ,,,,,,,,,,,,
locale.note.ru,Примечание,,,,,,,,,,,,
locale.reserved.ru,Зарезервирован,,,,,,,,,,,,
locale.tmcc_code.zh,代码（TMCC）,,,,,,,,,,,,
locale.country_or_area.zh,国家或地理区域 ,,,,,,,,,,,,
locale.note.zh,注,,,,,,,,,,,,
locale.reserved.zh,预留,,,,,,,,,,,,
locale.tmcc_code.ar,الرمز الدليلي للبلد (TMCC),,,,,,,,,,,,
locale.country_or_area.ar,البلد أو المنطقة الجغرافية أو الخدمة العالمية,,,,,,,,,,,,
locale.note.ar,ملاحظة,,,,,,,,,,,,
locale.reserved.ar,محجوز,,,,,,,,,,,,
,,,,,,,,,,,,,
,,,,,,,,,,,,,
DATA,type=array,,,,,,,,,,,,
tmcc_code,country_or_area.en,country_or_area.fr,country_or_area.es,country_or_area.ru,country_or_area.zh,country_or_area.ar,reserved,note.en,note.fr,note.es,note.ru,note.zh,note.ar
0XX,Reserved,Réservé,Reservado,Зарезервирован,预留,محجوز,TRUE,"Mobile country codes ((T)MCCs) that begin with the digits 0, 1 and 8 are reserved for future use.","Les indicatifs de pays ((T)MCCs) pour les services mobiles qui commencent par les chiffres 0, 1 et 8 sont réservés pour une utilisation ultérieure.","Los indicativos de país ((T)MCCs) para el servicio móvil que empiezan por las cifras 0, 1 y 8 están reservados para utilización futura.","Коды страны для подвижной связи ((T)MCC), начинающиеся с цифр 0, 1 и 8, зарезервированы для будущего использования.",以数字0、1和8开头的移动国家代码((T)MCC)预留今后使用。,الرموز الدليلية للبلدان للاتصالات المتنقلة التي تبدأ بالأرقام 0 و1 و8 محجوزة للاستخدام المستقبلي.
1XX,Reserved,Réservé,Reservado,Зарезервирован,预留,محجوز,TRUE,"Mobile country codes ((T)MCCs) that begin with the digits 0, 1 and 8 are reserved for future use.","Les indicatifs de pays ((T)MCCs) pour les services mobiles qui commencent par les chiffres 0, 1 et 8 sont réservés pour une utilisation ultérieure.","Los indicativos de país ((T)MCCs) para el servicio móvil que empiezan por las cifras 0, 1 y 8 están reservados para utilización futura.","Коды страны для подвижной связи ((T)MCC), начинающиеся с цифр 0, 1 и 8, зарезервированы для будущего использования.",以数字0、1和8开头的移动国家代码((T)MCC)预留今后使用。,الرموز الدليلية للبلدان للاتصالات المتنقلة التي تبدأ بالأرقام 0 و1 و8 محجوزة للاستخدام المستقبلي.
202,Greece,Grèce,Grecia,Греция,希腊,اليونان,,,,,,,
204,Netherlands (Kingdom of the),Pays-Bas (Royaume des),Países Bajos (Reino de los),Нидерланды (Королевство),荷兰（王国）,مملكة هولندا,,,,,,,
206,Belgium,Belgique,Bélgica,Бельгия,比利时,بلجيكا,,,,,,,
208,France,France,Francia,Франция,法国,فرنسا,,,,,,,
212,Monaco (Principality of),Monaco (Principauté de),Mónaco (Principado de),Монако (Княжество),摩纳哥（公国）,إمارة موناكو,,,,,,,
213,Andorra (Principality of),Andorre (Principauté d'),Andorra (Principado de),Андорра (Княжество),安道尔（公国）,إمارة أندورا,,,,,,,
214,Spain,Espagne,España,Испания,西班牙,إسبانيا,,,,,,,
216,Hungary,Hongrie,Hungría,Венгрия,匈牙利,هنغاريا,,,,,,,
218,Bosnia and Herzegovina,Bosnie-Herzégovine,Bosnia y Herzegovina,Босния и Герцеговина,波斯尼亚与黑塞哥维那,البوسنة والهرسك,,,,,,,
219,Croatia (Republic of),Croatie (République de),Croacia (República de),Хорватия (Республика),克罗地亚（共和国）,جمهورية كرواتيا,,,,,,,
220,Serbia (Republic of),Serbie (République de),Serbia (República de),Сербия (Республика),塞尔维亚（共和国）,جمهورية صربيا,,,,,,,
221,Kosovo*,Kosovo*,Kosovo*,Косово*,科索沃*,كوسوفو*,,"This designation is without prejudice to positions on status, and is in line with UNSCR 1244 and the ICJ Opinion on the Kosovo declaration of independence.",Cette désignation est sans préjudice des positions sur le statut et est conforme à la Résolution 1244 du Conseil de sécurité des Nations Unies ainsi qu'à l'avis de la CIJ sur la déclaration d'indépendance du Kosovo.,"Esta designación es sin perjuicio de las posiciones sobre la situación, y corresponde a UNSCR 1244 y la opinión ICJ sobre la declaración de independencia de Kosovo.","Данное обозначение не влияет на позиции, занимаемые в вопросе о статусе, и согласуется с резолюцией 1244 Совета Безопасности ООН и заключением Международного суда по вопросу о провозглашении независимости Косово.",此名称无损于有关状态的立场，并且符合联合国安理会1244号决议以及国际法院（ICJ）针对科索沃宣布独立给出的意见。,"لا تمس هذه التسمية بأي من المواقف المتعلقة بوضع كوسوفو، وتتوافق مع قرار مجلس الأمن 1244 ومع رأي محكمة العدل الدولية بشأن إعلان استقلال كوسوفو."
222,Italy,Italie,Italia,Италия,意大利,إيطاليا,,,,,,,
225,Vatican City State,Cité du Vatican (Etat de la),Ciudad del Vaticano (Estado de la),Государство-город Ватикан,梵蒂冈城国,دولة مدينة الفاتيكان,,,,,,,
226,Romania,Roumanie,Rumania,Румыния,罗马尼亚,رومانيا,,,,,,,
228,Switzerland (Confederation of),Suisse (Confédération),Suiza (Confederación),Швейцарская Конфедерация,瑞士（联邦）,الاتحاد السويسري,,,,,,,
230,Czech Republic,République tchèque,República Checa,Чешская Республика,捷克共和国,الجمهورية التشيكية,,,,,,,
231,Slovak Republic,République slovaque,República Eslovaca,Словацкая Республика,斯洛伐克共和国,الجمهورية السلوفاكية,,,,,,,
232,Austria,Autriche,Austria,Австрия,奥地利,النمسا,,,,,,,
234,United Kingdom of Great Britain and Northern Ireland,Royaume-Uni de Grande-Bretagne et d'Irlande du Nord,Reino Unido de Gran Bretaña e Irlanda del Norte,Соединенное Королевство Великобритании и Северной Ирландии,大不列颠及北爱尔兰联合王国,المملكة المتحدة لبريطانيا العظمى وأيرلندا الشمالية,,,,,,,
235,United Kingdom of Great Britain and Northern Ireland,Royaume-Uni de Grande-Bretagne et d'Irlande du Nord,Reino Unido de Gran Bretaña e Irlanda del Norte,Соединенное Королевство Великобритании и Северной Ирландии,大不列颠及北爱尔兰联合王国,المملكة المتحدة لبريطانيا العظمى وأيرلندا الشمالية,,,,,,,
238,Denmark,Danemark,Dinamarca,Дания,丹麦,الدانمارك,,,,,,,
240,Sweden,Suède,Suecia,Швеция,瑞典,السويد,,,,,,,
242,Norway,Norvège,Noruega,Норвегия,挪威,النرويج,,,,,,,
244,Finland,Finlande,Finlandia,Финляндия,芬兰,فنلندا,,,,,,,
246,Lithuania (Republic of),Lituanie (République de),Lituania (República de),Литовская Республика,立陶宛（共和国）,جمهورية ليتوانيا,,,,,,,
247,Latvia (Republic of),Lettonie (République de),Letonia (República de),Латвийская Республика,拉脱维亚（共和国）,جمهورية لاتفيا,,,,,,,
248,Estonia (Republic of),Estonie (République d'),Estonia (República de),Эстонская Республика,爱沙尼亚（共和国）,جمهورية إستونيا,,,,,,,
250,Russian Federation,Russie (Fédération de),Rusia (Federación de),Российская Федерация,俄罗斯联邦,الاتحاد الروسي,,,,,,,
255,Ukraine,Ukraine,Ucrania,Украина,乌克兰,أوكرانيا,,,,,,,
257,Belarus (Republic of),Bélarus (République du),Belarús (República de),Беларусь (Республика),白俄罗斯（共和国）,جمهورية بيلاروس,,,,,,,
259,Moldova (Republic of),Moldova (République de),Moldova (República de),Молдова (Республика),摩尔多瓦（共和国）,جمهورية مولدوفا,,,,,,,
260,Poland (Republic of),Pologne (République de),Polonia (República de),Польша (Республика),波兰（共和国）,جمهورية بولندا,,,,,,,
262,Germany (Federal Republic of),Allemagne (République fédérale d'),Alemania (República Federal de),Германия (Федеративная Республика),德意志（联邦共和国）,جمهورية ألمانيا الاتحادية,,,,,,,
266,Gibraltar,Gibraltar,Gibraltar,Гибралтар,直布罗陀,جبل طارق,,,,,,,
268,Portugal,Portugal,Portugal,Португалия,葡萄牙,البرتغال,,,,,,,
270,Luxembourg,Luxembourg,Luxemburgo,Люксембург,卢森堡,لكسمبرغ,,,,,,,
272,Ireland,Irlande,Irlanda,Ирландия,爱尔兰,أيرلندا,,,,,,,
274,Iceland,Islande,Islandia,Исландия,冰岛,أيسلندا,,,,,,,
276,Albania (Republic of),Albanie (République d'),Albania (República de),Албания (Республика),阿尔巴尼亚（共和国）,جمهورية ألبانيا,,,,,,,
278,Malta,Malte,Malta,Мальта,马耳他,مالطة,,,,,,,
280,Cyprus (Republic of),Chypre (République de),Chipre (República de),Кипр (Республика),塞浦路斯（共和国）,جمهورية قبرص,,,,,,,
282,Georgia,Géorgie,Georgia,Грузия,格鲁吉亚,جورجيا,,,,,,,
283,Armenia (Republic of),Arménie (République d'),Armenia (República de),Армения (Республика),亚美尼亚（共和国）,جمهورية أرمينيا,,,,,,,
284,Bulgaria (Republic of),Bulgarie (République de),Bulgaria (República de),Болгария (Республика),保加利亚（共和国）,جمهورية بلغاريا,,,,,,,
286,Turkey,Turquie,Turquía,Турция,土耳其,تركيا,,,,,,,
288,Faroe Islands,Féroé (Iles),Feroe (Islas),Фарерский Острова,法罗群岛,جزر فارو,,,,,,,
290,Greenland (Denmark),Groenland (Danemark),Groenlandia (Dinamarca),Гренландия (Дания),格陵兰 (丹麦),غرينلاند (الدانمارك),,,,,,,
292,San Marino (Republic of),Saint-Marin (République de),San Marino (República de),Сан-Марино (Республика),圣马力诺（共和国）,جمهورية سان مارينو,,,,,,,
293,Slovenia (Republic of),Slovénie (République de),Eslovenia (República de),Словения (Республика),斯洛文尼亚（共和国）,جمهورية سلوفينيا,,,,,,,
294,The Former Yugoslav Republic of Macedonia,L'ex-République yougoslave de Macédoine,La ex República Yugoslava de Macedonia,Бывшая югославская Республика Македония,前南斯拉夫马其顿共和国,جمهورية مقدونيا اليوغوسلافية السابقة,,,,,,,
295,Liechtenstein (Principality of),Liechtenstein (Principauté de),Liechtenstein (Principado de),Лихтенштейн (Княжество),列支敦士登（公国）,إمارة ليختنشتاين,,,,,,,
297,Montenegro,Monténégro,Montenegro,Черногория,黑山,الجبل الأسود,,,,,,,
302,Canada,Canada,Canadá,Канада,加拿大,كندا,,,,,,,
308,Saint Pierre and Miquelon (Collectivité territoriale de la République française),Saint-Pierre-et-Miquelon (Collectivité territoriale de la République française),San Pedro y Miquelón (Collectivité territoriale de la République française),Сен-Пьер и Микелон (территориальное сообщество Французской Республики),圣皮埃尔和密克隆（法国共和国属地）,سان بيير وميكيلون (تجمع إقليمي للجمهورية الفرنسية),,,,,,,
310,United States of America,Etats-Unis d'Amérique,Estados Unidos de América,Соединенные Штаты Америки,美利坚合众国,الولايات المتحدة الأمريكية,,,,,,,
311,United States of America,Etats-Unis d'Amérique,Estados Unidos de América,Соединенные Штаты Америки,美利坚合众国,الولايات المتحدة الأمريكية,,,,,,,
312,United States of America,Etats-Unis d'Amérique,Estados Unidos de América,Соединенные Штаты Америки,美利坚合众国,الولايات المتحدة الأمريكية,,,,,,,
313,United States of America,Etats-Unis d'Amérique,Estados Unidos de América,Соединенные Штаты Америки,美利坚合众国,الولايات المتحدة الأمريكية,,,,,,,
314,United States of America,Etats-Unis d'Amérique,Estados Unidos de América,Соединенные Штаты Америки,美利坚合众国,الولايات المتحدة الأمريكية,,,,,,,
315,United States of America,Etats-Unis d'Amérique,Estados Unidos de América,Соединенные Штаты Америки,美利坚合众国,الولايات المتحدة الأمريكية,,,,,,,
316,United States of America,Etats-Unis d'Amérique,Estados Unidos de América,Соединенные Штаты Америки,美利坚合众国,الولايات المتحدة الأمريكية,,,,,,,
330,Puerto Rico,Puerto Rico,Puerto Rico,Пуэрто-Рико,波多黎各,بورتوريكو,,,,,,,
332,United States Virgin Islands,Vierges américaines (Iles),Vírgenes de los Estados Unidos (Islas),Американские Виргинские Острова,美属维京群岛,الجزر العذراء الأمريكية,,,,,,,
334,Mexico,Mexique,México,Мексика,墨西哥,المكسيك,,,,,,,
338,Jamaica,Jamaïque,Jamaica,Ямайка,牙买加,جامايكا,,,,,,,
340,Guadeloupe (French Department of),Guadeloupe (Département français de la),Guadalupe (Departamento francés de la),Гваделупа (департамент Франции),法属瓜德罗普省,مقاطعة غواديلوب الفرنسية,,,,,,,
340,Martinique (French Department of),Martinique (Département français de la),Martinica (Departamento francés de la),Мартиника (департамент Франции),法属马提尼克,مقاطعة المارتينيك الفرنسية,,,,,,,
342,Barbados,Barbade,Barbados,Барбадос,巴巴多斯,بربادوس,,,,,,,
344,Antigua and Barbuda,Antigua-et-Barbuda,Antigua y Barbuda,Антигуа и Барбуда,安提瓜和巴布达,أنتيغوا وبربودا,,,,,,,
346,Cayman Islands,Caïmanes (Iles),Caimán (Islas),Каймановы Острова,开曼群岛,جزر كايمان,,,,,,,
348,British Virgin Islands,Vierges britanniques (Iles),Vírgenes Británicas (Islas),Британские Виргинские Острова,英属维京群岛,الجزر العذراء البريطانية,,,,,,,
350,Bermuda,Bermudes,Bermudas,Бермудские Острова,百慕大,برمودا,,,,,,,
352,Grenada,Grenade,Granada,Гренада,格林纳达,غرينادا,,,,,,,
354,Montserrat,Montserrat,Montserrat,Монтсеррат,蒙特塞拉特,مونتسيرات,,,,,,,
356,Saint Kitts and Nevis,Saint-Kitts-et-Nevis,Saint Kitts y Nevis,Сент-Китс и Невис ,圣基茨和尼维斯,اتحاد سانت كيتس ونيفيس,,,,,,,
358,Saint Lucia,Sainte-Lucie,Santa Lucía,Сент-Люсия,圣卢西亚,سانت لوسيا,,,,,,,
360,Saint Vincent and the Grenadines,Saint-Vincent-et-les Grenadines,San Vicente y las Granadinas,Сент-Винсент и Гренадины,圣文森特和格林纳丁斯,سانت فنسنت وغرينادين,,,,,,,
362,Curaçao,"Bonaire, Saint-Eustache et Saba","Bonaire, San Eustaquio y Saba",Кюрасао,库拉索,كوراساو,,,,,,,
362,Sint Maarten (Dutch part),Curaçao,Curaçao,Синт-Мартен (голландская часть),圣马丁岛（荷属部分）,سانت مارتن (الجزء الهولندي),,,,,,,
362,"Bonaire, Sint Eustatius and Saba",Saint-Martin (partie néerlandaise),San Martín (parte neerlandesa),"Бонэйр, Синт-Эстатиус и Саба",博内尔岛、圣尤斯特歇斯岛和萨巴岛,جزر بونير وسان يوستاتيوس وسابا,,,,,,,
363,Aruba,Aruba,Aruba,Аруба,阿鲁巴,آروبا,,,,,,,
364,Bahamas (Commonwealth of the),Bahamas (Commonwealth des),Bahamas (Commonwealth de las),Содружество Багамских Островов,巴哈马（联邦）,كومنولث البهاما,,,,,,,
365,Anguilla,Anguilla,Anguila,Ангилья,安圭拉岛,أنغويلا,,,,,,,
366,Dominica (Commonwealth of),Dominique (Commonwealth de la),Dominica (Commonwealth de),Содружество Доминики,多米尼克国,كومنولث دومينيكا,,,,,,,
368,Cuba,Cuba,Cuba,Куба,古巴,كوبا,,,,,,,
370,Dominican Republic,Dominicaine (République),Dominicana (República),Доминиканская Республика,多米尼加共和国,الجمهورية الدومينيكية,,,,,,,
372,Haiti (Republic of),Haïti (République d'),Haití (República de),Гаити (Республика),海地（共和国）,جمهورية هايتي,,,,,,,
374,Trinidad and Tobago,Trinité-et-Tobago,Trinidad y Tabago,Тринидад и Тобаго,特立尼达和多巴哥,ترينيداد وتوباغو,,,,,,,
376,Turks and Caicos Islands,Turks-et-Caïcos (Iles),Turcas y Caicos (Islas),Острова Теркс и Кайкос,特克斯和凯科斯群岛,جزر تركس وكايكوس,,,,,,,
400,Azerbaijan (Republic of),Azerbaïdjan (République d'),Azerbaiyán (República de),Азербайджанская Республика,阿塞拜疆 （共和国）,جمهورية أذربيجان,,,,,,,
401,Kazakhstan (Republic of),Kazakhstan (République du),Kazajstán (República de),Казахстан (Республика),哈萨克斯坦（共和国）,جمهورية كازاخستان,,,,,,,
402,Bhutan (Kingdom of),Bhoutan (Royaume du),Bhután (Reino de),Бутан (Королевство) ,不丹（王国）,مملكة بوتان,,,,,,,
404,India (Republic of),Inde (République de l'),India (República de la),Индия (Республика),印度（共和国）,جمهورية الهند,,,,,,,
405,India (Republic of),Inde (République de l'),India (República de la),Индия (Республика),印度（共和国）,جمهورية الهند,,,,,,,
406,India (Republic of),Inde (République de l'),India (República de la),Индия (Республика),印度（共和国）,جمهورية الهند,,,,,,,
410,Pakistan (Islamic Republic of),Pakistan (République islamique du),Pakistán (República Islámica del),Пакистан (Исламская Республика),巴基斯坦（伊斯兰共和国）,جمهورية باكستان الإسلامية,,,,,,,
412,Afghanistan,Afghanistan,Afganistán,Афганистан,阿富汗,أفغانستان,,,,,,,
413,Sri Lanka (Democratic Socialist Republic of),Sri Lanka (République socialiste démocratique de),Sri Lanka (República Socialista Democrática de),Шри-Ланка (Демократическая Социалистическая Республика),斯里兰卡（民主社会主义共和国）,جمهورية سري لانكا الاشتراكية الديمقراطية,,,,,,,
414,Myanmar (the Republic of the Union of),Myanmar (République de l'Union du),Myanmar (República de la Unión de),Республика Союза Мьянма,缅甸 （联邦共和国）,اتحاد ميانمار,,,,,,,
415,Lebanon,Liban,Líbano,Ливан,黎巴嫩,لبنان,,,,,,,
416,Jordan (Hashemite Kingdom of),Jordanie (Royaume hachémite de),Jordania (Reino Hachemita de),Иорданское Хашимитское Королевство,约旦（哈希姆王国）,المملكة الأردنية الهاشمية,,,,,,,
417,Syrian Arab Republic,République arabe syrienne,República Árabe Siria,Сирийская Арабская Республика,阿拉伯叙利亚共和国,الجمهورية العربية السورية,,,,,,,
418,Iraq (Republic of),Iraq (République d'),Iraq (República del),Ирак (Республика),伊拉克（共和国）,الجمهورية العراقية,,,,,,,
419,Kuwait (State of),Koweït (Etat du),Kuwait (Estado de),Кувейт (Государство),科威特（国）,دولة الكويت,,,,,,,
420,Saudi Arabia (Kingdom of),Arabie saoudite (Royaume d'),Arabia Saudita (Reino de),Саудовская Аравия (Королевство),沙特阿拉伯（王国）,المملكة العربية السعودية,,,,,,,
421,Yemen (Republic of),Yémen (République du),Yemen (República del),Йеменская Республика,也门（共和国）,الجمهورية اليمنية,,,,,,,
422,Oman (Sultanate of),Oman (Sultanat d'),Omán (Sultanía de),Оман (Султанат),阿曼（苏丹国）,سلطنة عُمان,,,,,,,
424,United Arab Emirates,Emirats arabes unis,Emiratos Árabes Unidos,Объединенные Арабские Эмираты,阿拉伯联合酋长国,الإمارات العربية المتحدة,,,,,,,
425,Israel (State of),Israël (Etat d'),Israel (Estado de),Израиль (Государство),以色列（国）,دولة إسرائيل,,,,,,,
426,Bahrain (Kingdom of),Bahreïn (Royaume de),Bahrein (Reino de),Бахрейн (Королевство),巴林（王国）,مملكة البحرين,,,,,,,
427,Qatar (State of),Qatar (Etat du),Qatar (Estado de),Катар (Государство),卡塔尔（国）,دولة قطر,,,,,,,
428,Mongolia,Mongolie,Mongolia,Монголия,蒙古,منغوليا,,,,,,,
429,Nepal (Federal Democratic Republic of),Népal (République fédérale démocratique du),Nepal (República Democrática Federal de),Непал (Федеративная Демократическая Республика),尼泊尔,جمهورية نيبال الديمقراطية الاتحادية,,,,,,,
430,United Arab Emirates,Emirats arabes unis,Emiratos Árabes Unidos,Объединенные Арабские Эмираты,阿拉伯联合酋长国,الإمارات العربية المتحدة,,"United Arab Emirates, Dubai: 431; Abu Dhabi: 430.","Emirats arabes unis, Dubai: 431; Abu Dhabi: 430.","Emiratos Arabes Unidos, Dubai: 431; Abu Dhabi: 430.","Объединенные Арабские Эмираты, Дубай: 431; Абу-Даби: 430.",阿联酋迪拜：431；阿布扎比：430。,"الإمارات العربية المتحدة، دبي: 431؛ أبو ظبي: 430."
431,United Arab Emirates,Emirats arabes unis,Emiratos Árabes Unidos,Объединенные Арабские Эмираты,阿拉伯联合酋长国,الإمارات العربية المتحدة,,"United Arab Emirates, Dubai: 431; Abu Dhabi: 430.","Emirats arabes unis, Dubai: 431; Abu Dhabi: 430.","Emiratos Arabes Unidos, Dubai: 431; Abu Dhabi: 430.","Объединенные Арабские Эмираты, Дубай: 431; Абу-Даби: 430.",阿联酋迪拜：431；阿布扎比：430。,"الإمارات العربية المتحدة، دبي: 431؛ أبو ظبي: 430."
432,Iran (Islamic Republic of),Iran (République islamique d'),Irán (República Islámica del),Иран (Исламская Республика),伊朗（伊斯兰共和国）,جمهورية إيران الإسلامية,,,,,,,
434,Uzbekistan (Republic of),Ouzbékistan (République d'),Uzbekistán (República de),Узбекистан (Республика),乌兹别克斯坦（共和国）,جمهورية أوزبكستان,,,,,,,
436,Tajikistan (Republic of),Tadjikistan (République du),Tayikistán (República de),Таджикистан (Республика),塔吉克斯坦（共和国）,جمهورية طاجيكستان,,,,,,,
437,Kyrgyz Republic,République kirghize,República Kirguisa,Кыргызская Республика,吉尔吉斯共和国,جمهورية قيرغيزستان,,,,,,,
438,Turkmenistan,Turkménistan,Turkmenistán,Туркменистан,土库曼斯坦,تركمانستان,,,,,,,
440,Japan,Japon,Japón,Япония,日本国,اليابان,,,,,,,
441,Japan,Japon,Japón,Япония,日本国,اليابان,,,,,,,
450,Korea (Republic of),Corée (République de),Corea (República de),Корея (Республика),大韩民国,جمهورية كوريا,,,,,,,
452,Viet Nam (Socialist Republic of),Viet Nam (République socialiste du),Viet Nam (República Socialista de),Вьетнам (Социалистическая Республика),越南（社会主义共和国）,جمهورية فيتنام الاشتراكية,,,,,,,
454,"Hong Kong, China","Hong Kong, Chine","Hong Kong, China","Гонконг, Китай",中国香港,"هونغ كونغ، الصين",,,,,,,
455,"Macao, China","Macao, Chine","Macao, China","Макао, Китай",中国澳门,"ماكاو، الصين",,,,,,,
456,Cambodia (Kingdom of),Cambodge (Royaume du),Camboya (Reino de),Камбоджа (Королевство),柬埔寨（王国）,مملكة كمبوديا,,,,,,,
457,Lao People's Democratic Republic,Lao (République démocratique populaire),Lao (República Democrática Popular),Лаосская Народно-Демократическая Республика,老挝（人民民主共和国）,جمهورية لاو الديمقراطية الشعبية,,,,,,,
460,China (People's Republic of),Chine (République populaire de),China (República Popular de),Китайская Народная Республика,中华人民共和国,جمهورية الصين الشعبية,,,,,,,
461,China (People's Republic of),Chine (République populaire de),China (República Popular de),Китайская Народная Республика,中华人民共和国,جمهورية الصين الشعبية,,,,,,,
466,"Taiwan, China","Taiwan, Chine","Taiwán, China","Тайвань, Китай",中国台湾,"تايوان، الصين",,,,,,,
467,Democratic People's Republic of Korea,République populaire démocratique de Corée,República Popular Democrática de Corea,Корейская Народно-Демократическая Республика,朝鲜民主主义人民共和国,جمهورية كوريا الشعبية الديمقراطية,,,,,,,
470,Bangladesh (People's Republic of),Bangladesh (République populaire du),Bangladesh (República Popular de),Бангладеш (Народная Республика),孟加拉（人民共和国）,جمهورية بنغلاديش الشعبية,,,,,,,
472,Maldives (Republic of),Maldives (République des),Maldivas (República de),Мальдивская Республика,马尔代夫（共和国）,جمهورية ملديف,,,,,,,
502,Malaysia,Malaisie,Malasia,Малайзия,马来西亚,ماليزيا,,,,,,,
505,Australia,Australie,Australia,Австралия,澳大利亚,أستراليا,,,,,,,
510,Indonesia (Republic of),Indonésie (République d'),Indonesia (República de),Индонезия (Республика),印度尼西亚（共和国）,جمهورية إندونيسيا,,,,,,,
514,Timor-Leste (Democratic Republic of),Timor-Leste (République démocratique du),Timor-Leste (República Democrática de),Тимор-Лешти (Демократическая Республика),东帝汶民主共和国,جمهورية تيمور لستي الديمقراطية,,,,,,,
515,Philippines (Republic of the),Philippines (République des),Filipinas (República de),Филиппины (Республика),菲律宾（共和国）,جمهورية الفلبين,,,,,,,
520,Thailand,Thaïlande,Tailandia,Таиланд,泰国,تايلاند,,,,,,,
525,Singapore (Republic of),Singapour (République de),Singapur (República de),Сингапур (Республика),新加坡（共和国）,جمهورية سنغافورة,,,,,,,
528,Brunei Darussalam,Brunéi Darussalam,Brunei Darussalam,Бруней-Даруссалам,文莱达鲁萨兰国,بروني دار السلام,,,,,,,
530,New Zealand,Nouvelle-Zélande,Nueva Zelandia,Новая Зеландия,新西兰,نيوزيلندا,,,,,,,
536,Nauru (Republic of),Nauru (République de),Nauru (República de),Науру (Республика),瑙鲁（共和国）,جمهورية ناورو,,,,,,,
537,Papua New Guinea,Papouasie-Nouvelle-Guinée,Papua Nueva Guinea,Папуа-Новая Гвинея,巴布亚新几内亚,بابوا - غينيا الجديدة,,,,,,,
539,Tonga (Kingdom of),Tonga (Royaume des),Tonga (Reino de),Тонга (Королевство),汤加（王国）,مملكة تونغا,,,,,,,
540,Solomon Islands,Salomon (Iles),Salomón (Islas),Соломоновы Острова,所罗门群岛,جزر سليمان,,,,,,,
541,Vanuatu (Republic of),Vanuatu (République de),Vanuatu (República de),Вануату (Республика),瓦努阿图（共和国）,جمهورية فانواتو,,,,,,,
542,Fiji (Republic of),Fidji (République de),Fiji (República de),Фиджи (Республика),斐济（共和国）,جمهورية فيجي,,,,,,,
543,Wallis and Futuna (Territoire français d'outre-mer),Wallis-et-Futuna (Territoire français d'outre-mer),Wallis y Futuna (Territoire français d'outre-mer),Уоллис и Футуна (французская заморская территория),瓦利斯和富图纳（法国海外领地）,جزر واليس وفوتونا (إقليم فرنسي فيما وراء البحار),,,,,,,
544,American Samoa,Samoa américaines,Samoa Americana,Американское Самоа,美属萨摩亚,ساموا الأمريكية,,,,,,,
545,Kiribati (Republic of),Kiribati (République de),Kiribati (República de),Кирибати (Республика),基里巴斯（共和国）,جمهورية كيريباتي,,,,,,,
546,New Caledonia (Territoire français d'outre-mer),Nouvelle-Calédonie (Territoire français d'outre-mer),Nueva Caledonia (Territoire français d'outre-mer),Новая Каледония (французская заморская территория),新喀里多尼亚（法国海外领地）,كاليدونيا الجديدة (إقليم فرنسي فيما وراء البحار),,,,,,,
547,French Polynesia (Territoire français d'outre-mer),Polynésie française (Territoire français d'outre-mer),Polinesia francesa (Territoire français d'outre-mer),Французская Полинезия (французская заморская территория),法属波利尼西亚（法国海外领地）,بولينيزيا الفرنسية (إقليم فرنسي فيما وراء البحار),,,,,,,
548,Cook Islands,Cook (Iles),Cook (Islas),Острова Кука,库克群岛,جزر كوك,,,,,,,
549,Samoa (Independent State of),Samoa (Etat indépendant du),Samoa (Estado Independiente de),Самоа (Независимое Государство),萨摩亚（独立国）,دولة ساموا المستقلة,,,,,,,
550,Micronesia (Federated States of),Micronésie (Etats fédérés de),Micronesia (Estados federados de),Федеративные Штаты Микронезии,密克罗尼西亚（联邦）,ولايات ميكرونيزيا الموحدة,,,,,,,
551,Marshall Islands (Republic of the),Marshall (République des Iles),Marshall (República de las Islas),Маршалловы Острова (Республика),马绍尔群岛（共和国）,جمهورية جزر مارشال,,,,,,,
552,Palau (Republic of),Palaos (République des),Palau (República de),Палау (Республика),帕劳（共和国）,جمهورية بالاو ,,,,,,,
553,Tuvalu,Tuvalu,Tuvalu,Тувалу,图瓦卢,توفالو,,,,,,,
554,Tokelau,Tokélau,Tokelau,Токелау,托克劳,توكيلاو,,,,,,,
555,Niue,Niue,Niue,Ниуэ,纽埃岛,نيوي,,,,,,,
602,Egypt (Arab Republic of),Egypte (République arabe d'),Egipto (República Árabe de),Египет (Арабская Республика),（阿拉伯）埃及（共和国）,جمهورية مصر العربية,,,,,,,
603,Algeria (People's Democratic Republic of),Algérie (République algérienne démocratique et populaire),Argelia (República Argelina Democrática y Popular),Алжирская Народная Демократическая Республика,阿尔及利亚（人民民主共和国）,الجمهورية الجزائرية الديمقراطية الشعبية,,,,,,,
604,Morocco (Kingdom of),Maroc (Royaume du),Marruecos (Reino de),Марокко (Королевство),摩洛哥（王国）,المملكة المغربية,,,,,,,
605,Tunisia,Tunisie,Túnez,Тунис,突尼斯,تونس,,,,,,,
606,Libya,Libye,Libia,Ливия,利比亚,ليبيا,,,,,,,
607,Gambia (Republic of the),Gambie (République de),Gambia (República de),Гамбия (Республика),冈比亚（共和国）,جمهورية غامبيا,,,,,,,
608,Senegal (Republic of),Sénégal (République du),Senegal (República del),Сенегал (Республика),塞内加尔（共和国）,جمهورية السنغال,,,,,,,
609,Mauritania (Islamic Republic of),Mauritanie (République islamique de),Mauritania (República Islámica de),Мавритания (Исламская Республика),毛里塔尼亚（伊斯兰共和国）,جمهورية موريتانيا الإسلامية,,,,,,,
610,Mali (Republic of),Mali (République du),Malí (República de),Мали (Республика),马里（共和国）,جمهورية مالي,,,,,,,
611,Guinea (Republic of),Guinée (République de),Guinea (República de),Гвинейская Республика,几内亚（共和国）,جمهورية غينيا,,,,,,,
612,Côte d'Ivoire (Republic of),Côte d'Ivoire (République de),Côte d'Ivoire (República de),Кот-д’Ивуар (Республика),科特迪瓦（共和国）,جمهورية كوت ديفوار,,,,,,,
613,Burkina Faso,Burkina Faso,Burkina Faso,Буркина-Фасо,布基纳法索,بوركينا فاصو,,,,,,,
614,Niger (Republic of the),Niger (République du),Níger (República del),Нигер (Республика),尼日尔（共和国）,جمهورية النيجر,,,,,,,
615,Togolese Republic,Togolaise (République),Togolesa (República),Тоголезская Республика,多哥共和国,جمهورية توغو,,,,,,,
616,Benin (Republic of),Bénin (République du),Benin (República de),Бенин (Республика),贝宁（共和国）,جمهورية بنن,,,,,,,
617,Mauritius (Republic of),Maurice (République de),Mauricio (República de),Маврикий (Республика),毛里求斯（共和国）,جمهورية موريتانيا الإسلامية,,,,,,,
618,Liberia (Republic of),Libéria (République du),Liberia (República de),Либерия (Республика),利比里亚（共和国）,جمهورية ليبيريا,,,,,,,
619,Sierra Leone,Sierra Leone,Sierra Leona,Сьерра-Леоне,塞拉利昂,سيراليون,,,,,,,
620,Ghana,Ghana,Ghana,Гана,加纳,غانا,,,,,,,
621,Nigeria (Federal Republic of),Nigéria (République fédérale du),Nigeria (República Federal de),Нигерия (Федеративная Республика),尼日利亚（联邦共和国）,جمهورية نيجيريا الاتحادية,,,,,,,
622,Chad (Republic of),Tchad (République du),Chad (República del),Чад (Республика),乍得（共和国）,جمهورية تشاد,,,,,,,
623,Central African Republic,Centrafricaine (République),Centroafricana (República),Центральноафриканская Республика,中非共和国,جمهورية إفريقيا الوسطى,,,,,,,
624,Cameroon (Republic of),Cameroun (République du),Camerún (República de),Камерун (Республика),喀麦隆（共和国）,جمهورية الكاميرون,,,,,,,
625,Cabo Verde (Republic of),Cabo Verde (République de),Cabo Verde (República de),Кабо-Верде (Республика),佛得角（共和国）,جمهورية كابو فيردي,,,,,,,
626,Sao Tome and Principe (Democratic Republic of),Sao Tomé-et-Principe (République démocratique de),Santo Tomé y Príncipe (República Democrática de),Сан-Томе и Принсипи (Демократическая Республика),圣多美和普林西比（民主共和国）,جمهورية سان تومي وبرينسيبي الديمقراطية,,,,,,,
627,Equatorial Guinea (Republic of),Guinée équatoriale (République de),Guinea Ecuatorial (República de),Экваториальная Гвинея (Республика),赤道几内亚（共和国）,جمهورية غينيا الاستوائية,,,,,,,
628,Gabonese Republic,Gabonaise (République),Gabonesa (República),Габонская Республика,加蓬共和国,الجمهورية الغابونية,,,,,,,
629,Congo (Republic of the),Congo (République du),Congo (República del),Конго (Республика),刚果（共和国）,جمهورية الكونغو,,,,,,,
630,Democratic Republic of the Congo,République démocratique du Congo,República Democrática del Congo,Демократическая Республика Конго,刚果民主共和国,جمهورية الكونغو الديمقراطية,,,,,,,
631,Angola (Republic of),Angola (République d'),Angola (República de),Ангола (Республика),安哥拉（共和国）,جمهورية أنغولا,,,,,,,
632,Guinea-Bissau (Republic of),Guinée-Bissau (République de),Guinea-Bissau (República de),Гвинея-Бисау (Республика),几内亚比绍（共和国）,جمهورية غينيا بيساو,,,,,,,
633,Seychelles (Republic of),Seychelles (République des),Seychelles (República de),Сейшельские Острова (Республика),塞舌尔（共和国）,جمهورية سيشيل,,,,,,,
634,Sudan (Republic of the),Soudan (République du),Sudán (República del),Судан (Республика),苏丹（共和国）,جمهورية السودان,,,,,,,
635,Rwanda (Republic of),Rwanda (République du),Rwanda (República de),Руандийская Республика,卢旺达（共和国）,جمهورية رواندا,,,,,,,
636,Ethiopia (Federal Democratic Republic of),Ethiopie (République fédérale démocratique d'),Etiopía (República Democrática Federal de),Эфиопия (Федеративная Демократическая Республика),埃塞俄比亚（联邦民主共和国）,جمهورية إثيوبيا الاتحادية الديمقراطية,,,,,,,
637,Somalia (Federal Republic of),Somalie (République fédérale de),Somalia (República Federal de),Сомали (Федеративная Республика),索马里 （联邦共和国）,جمهورية الصومال الاتحادية,,,,,,,
638,Djibouti (Republic of),Djibouti (République de),Djibouti (República de),Джибути (Республика),吉布提（共和国）,جمهورية جيبوتي,,,,,,,
639,Kenya (Republic of),Kenya (République du),Kenya (República de),Кения (Республика),肯尼亚（共和国）,جمهورية كينيا,,,,,,,
640,Tanzania (United Republic of),Tanzanie (République-Unie de),Tanzanía (República Unida de),Танзания (Объединенная Республика),坦桑尼亚（联合共和国）,جمهورية تنزانيا المتحدة,,,,,,,
641,Uganda (Republic of),Ouganda (République de l'),Uganda (República de),Уганда (Республика),乌干达（共和国）,جمهورية أوغندا,,,,,,,
642,Burundi (Republic of),Burundi (République du),Burundi (República de),Бурунди (Республика),布隆迪（共和国）,جمهورية بوروندي,,,,,,,
643,Mozambique (Republic of),Mozambique (République du),Mozambique (República de),Мозамбик (Республика),莫桑比克（共和国）,جمهورية موزامبيق,,,,,,,
645,Zambia (Republic of),Zambie (République de),Zambia (República de),Замбия (Республика),赞比亚（共和国）,جمهورية زامبيا,,,,,,,
646,Madagascar (Republic of),Madagascar (République de),Madagascar (República de),Мадагаскар (Республика),马达加斯加（共和国）,جمهورية مدغشقر,,,,,,,
647,French Departments and Territories in the Indian Ocean,France de l'Océan indien,Departamentos y territorios franceses del Océano Indico,Французские департаменты и территории в Индийском океане,印度洋法属海外省和领地,المقاطعات والأراضي الفرنسية في المحيط الهندي,,,,,,,
648,Zimbabwe (Republic of),Zimbabwe (République du),Zimbabwe (República de),Зимбабве (Республика),津巴布韦（共和国）,جمهورية زيمبابوي,,,,,,,
649,Namibia (Republic of),Namibie (République de),Namibia (República de),Намибия (Республика),纳米比亚（共和国）,جمهورية ناميبيا,,,,,,,
650,Malawi,Malawi,Malawi,Малави,马拉维,ملاوي,,,,,,,
651,Lesotho (Kingdom of),Lesotho (Royaume du),Lesotho (Reino de),Лесото (Королевство),莱索托（王国）,مملكة ليسوتو,,,,,,,
652,Botswana (Republic of),Botswana (République du),Botswana (República de),Ботсвана (Республика),博茨瓦纳（共和国）,جمهورية بوتسوانا,,,,,,,
653,Swaziland (Kingdom of),Swaziland (Royaume du),Swazilandia (Reino de),Свазиленд (Королевство),斯威士兰（王国）,مملكة سوازيلاند,,,,,,,
654,Comoros (Union of the),Comores (Union des),Comoras (Unión de las),Союз Коморских Островов,科摩罗（联盟）,اتحاد جزر القمر,,,,,,,
655,South Africa (Republic of),Sudafricaine (République),Sudafricana (República),Южно-Африканская Республика,南非（共和国）,جمهورية جنوب إفريقيا,,,,,,,
657,Eritrea,Erythrée,Eritrea,Эритрея,厄立特里亚,إريتريا,,,,,,,
658,"Saint Helena, Ascension and Tristan da Cunha","Sainte-Hélène, Ascension et Tristan da Cunha","Santa Elena, Ascension y Tristan da Cunha","Острова Св. Елены, Вознесения и Тристан-да-Кунья",圣赫勒拿、阿森松和特里斯坦-达库尼亚,جزر سانت هيلانة وأسانسيون وتريستان دا كونيا,,,,,,,
659,South Sudan (Republic of),Soudan du Sud (République du),Sudán del Sur (República de),Южный Судан (Республика),南苏丹 （共和国）,جمهورية جنوب السودان,,,,,,,
702,Belize,Belize,Belice,Белиз,伯利兹,بليز,,,,,,,
704,Guatemala (Republic of),Guatemala (République du),Guatemala (República de),Гватемала (Республика),危地马拉（共和国）,جمهورية غواتيمالا,,,,,,,
706,El Salvador (Republic of),El Salvador (République d'),El Salvador (República de),Эль-Сальвадор (Республика),萨尔瓦多（共和国）,جمهورية السلفادور,,,,,,,
708,Honduras (Republic of),Honduras (République du),Honduras (República de),Гондурас (Республика),洪都拉斯（共和国）,جمهورية هندوراس,,,,,,,
710,Nicaragua,Nicaragua,Nicaragua,Никарагуа,尼加拉瓜,نيكاراغوا,,,,,,,
712,Costa Rica,Costa Rica,Costa Rica,Коста-Рика,哥斯达黎加,كوستاريكا,,,,,,,
714,Panama (Republic of),Panama (République du),Panamá (República de),Панама (Республика),巴拿马（共和国）,جمهورية بنما,,,,,,,
716,Peru,Pérou,Perú,Перу,秘鲁,بيرو,,,,,,,
722,Argentine Republic,Argentine (République),Argentina (República),Аргентинская Республика,阿根廷共和国,جمهورية الأرجنتين,,,,,,,
724,Brazil (Federative Republic of),Brésil (République fédérative du),Brasil (República Federativa del),Бразилия (Федеративная Республика),巴西（联邦共和国）,جمهورية البرازيل الاتحادية,,,,,,,
730,Chile,Chili,Chile,Чили,智利,شيلي,,,,,,,
732,Colombia (Republic of),Colombie (République de),Colombia (República de),Колумбия (Республика),哥伦比亚（共和国）,جمهورية كولومبيا,,,,,,,
734,Venezuela (Bolivarian Republic of),Venezuela (République bolivarienne du),Venezuela (República Bolivariana de),Венесуэла (Боливарианская Республика),委内瑞拉（玻利瓦尔共和国）,جمهورية فنزويلا البوليفارية,,,,,,,
736,Bolivia (Plurinational State of),Bolivie (État plurinational de),Bolivia (Estado Plurinacional de),Боливия (Многонациональное Государство),玻利维亚（多民族国）,دولة بوليفيا المتعددة القوميات,,,,,,,
738,Guyana,Guyana,Guyana,Гайана,圭亚那,غُيانا,,,,,,,
740,Ecuador,Equateur,Ecuador,Эквадор,厄瓜多尔,إكوادور,,,,,,,
742,French Guiana (French Department of),Guyane française (Département français de la),Guayana francesa (Departamento francés de la),Французская Гвиана (департамент Франции),法属圭亚那（法国海外省）,غويانا (مقاطعة فرنسية),,,,,,,
744,Paraguay (Republic of),Paraguay (République du),Paraguay (República del),Парагвай (Республика),巴拉圭（共和国）,جمهورية باراغواي,,,,,,,
746,Suriname (Republic of),Suriname (République du),Suriname (República de),Суринам (Республика),苏里南（共和国）,جمهورية سورينام,,,,,,,
748,Uruguay (Eastern Republic of),Uruguay (République orientale de l'),Uruguay (República Oriental del),Уругвай (Восточная Республика),乌拉圭（东岸共和国）,جمهورية أوروغواي الشرقية,,,,,,,
750,Falkland Islands (Malvinas),Falkland (Iles) (Malvinas),Malvinas (Islas) (Falkland),Фолклендские (Мальвинские) острова),福克兰群岛（马尔维纳斯）,جزر فوكلاند (مالفيناس),,,,,,,
8XX,Reserved,Réservé,Reservado,Зарезервирован,预留,محجوز,TRUE,"Mobile country codes ((T)MCCs) that begin with the digits 0, 1 and 8 are reserved for future use.","Les indicatifs de pays ((T)MCCs) pour les services mobiles qui commencent par les chiffres 0, 1 et 8 sont réservés pour une utilisation ultérieure.","Los indicativos de país ((T)MCCs) para el servicio móvil que empiezan por las cifras 0, 1 y 8 están reservados para utilización futura.","Коды страны для подвижной связи ((T)MCC), начинающиеся с цифр 0, 1 и 8, зарезервированы для будущего использования.",以数字0、1和8开头的移动国家代码((T)MCC)预留今后使用。,الرموز الدليلية للبلدان للاتصالات المتنقلة التي تبدأ بالأرقام 0 و1 و8 محجوزة للاستخدام المستقبلي.
901,Not allocated,Non attribué,No asignado,Не распределен,未分配,غير مخصص,,,,,,,
,,,,,,,,,,,,,
,,,,,,,,,,,,,
,,,,,,,,,,,,,
,,,,,,,,,,,,,
,,,,,,,,,,,,,
,,,,,,,,,,,,,
,,,,,,,,,,,,,
,,,,,,,,,,,,,
,,,,,,,,,,,,,
,,,,,,,,,,,,,
,,,,,,,,,,,,,
,,,,,,,,,,,,,
,,,,,,,,,,,,,
,,,,,,,,,,,,,
,,,,,,,,,,,,,
,,,,,,,,,,,,,
,,,,,,,,,,,,,
,,,,,,,,,,,,,
,,,,,,,,,,,,,
,,,,,,,,,,,,,
,,,,,,,,,,,,,
,,,,,,,,,,,,,
,,,,,,,,,,,,,
,,,,,,,,,,,,,
,,,,,,,,,,,,,
,,,,,,,,,,,,,
,,,,,,,,,,,,,
,,,,,,,,,,,,,
,,,,,,,,,,,,,
,,,,,,,,,,,,,
,,,,,,,,,,,,,
,,,,,,,,,,,,,
,,,,,,,,,,,,,
,,,,,,,,,,,,,
,,,,,,,,,,,,,
,,,,,,,,,,,,,
,,,,,,,,,,,,,
,,,,,,,,,,,,,
,,,,,,,,,,,,,
,,,,,,,,,,,,,
,,,,,,,,,,,,,
,,,,,,,,,,,,,
,,,,,,,,,,,,,
,,,,,,,,,,,,,
,,,,,,,,,,,,,
,,,,,,,,,,,,,
,,,,,,,,,,,,,
,,,,,,,,,,,,,
,,,,,,,,,,,,,
,,,,,,,,,,,,,
,,,,,,,,,,,,,
,,,,,,,,,,,,,
,,,,,,,,,,,,,
,,,,,,,,,,,,,
,,,,,,,,,,,,,
,,,,,,,,,,,,,
,,,,,,,,,,,,,
,,,,,,,,,,,,,
,,,,,,,,,,,,,
,,,,,,,,,,,,,
,,,,,,,,,,,,,
,,,,,,,,,,,,,
,,,,,,,,,,,,,
,,,,,,,,,,,,,
,,,,,,,,,,,,,
,,,,,,,,,,,,,
,,,,,,,,,,,,,
,,,,,,,,,,,,,
,,,,,,,,,,,,,
,,,,,,,,,,,,,
,,,,,,,,,,,,,
,,,,,,,,,,,,,
,,,,,,,,,,,,,
,,,,,,,,,,,,,
,,,,,,,,,,,,,
,,,,,,,,,,,,,
,,,,,,,,,,,,,
,,,,,,,,,,,,,
,,,,,,,,,,,,,
,,,,,,,,,,,,,
,,,,,,,,,,,,,
,,,,,,,,,,,,,
,,,,,,,,,,,,,
,,,,,,,,,,,,,
,,,,,,,,,,,,,
,,,,,,,,,,,,,
,,,,,,,,,,,,,
,,,,,,,,,,,,,
,,,,,,,,,,,,,
,,,,,,,,,,,,,
,,,,,,,,,,,,,
,,,,,,,,,,,,,
,,,,,,,,,,,,,
,,,,,,,,,,,,,
,,,,,,,,,,,,,
,,,,,,,,,,,,,
,,,,,,,,,,,,,
,,,,,,,,,,,,,
,,,,,,,,,,,,,
,,,,,,,,,,,,,
,,,,,,,,,,,,,
,,,,,,,,,,,,,
,,,,,,,,,,,,,
,,,,,,,,,,,,,
,,,,,,,,,,,,,
,,,,,,,,,,,,,
,,,,,,,,,,,,,
,,,,,,,,,,,,,
,,,,,,,,,,,,,
,,,,,,,,,,,,,
,,,,,,,,,,,,,
,,,,,,,,,,,,,
,,,,,,,,,,,,,
,,,,,,,,,,,,,
,,,,,,,,,,,,,
,,,,,,,,,,,,,
,,,,,,,,,,,,,
,,,,,,,,,,,,,
,,,,,,,,,,,,,
,,,,,,,,,,,,,
,,,,,,,,,,,,,
,,,,,,,,,,,,,
,,,,,,,,,,,,,
,,,,,,,,,,,,,
,,,,,,,,,,,,,
,,,,,,,,,,,,,
,,,,,,,,,,,,,
,,,,,,,,,,,,,
,,,,,,,,,,,,,
,,,,,,,,,,,,,
,,,,,,,,,,,,,
,,,,,,,,,,,,,
,,,,,,,,,,,,,
,,,,,,,,,,,,,
,,,,,,,,,,,,,
,,,,,,,,,,,,,
,,,,,,,,,,,,,
,,,,,,,,,,,,,
,,,,,,,,,,,,,
,,,,,,,,,,,,,
,,,,,,,,,,,,,
,,,,,,,,,,,,,
,,,,,,,,,,,,,
,,,,,,,,,,,,,
,,,,,,,,,,,,,
,,,,,,,,,,,,,
,,,,,,,,,,,,,
,,,,,,,,,,,,,
,,,,,,,,,,,,,
,,,,,,,,,,,,,
,,,,,,,,,,,,,
,,,,,,,,,,,,,
,,,,,,,,,,,,,
,,,,,,,,,,,,,
,,,,,,,,,,,,,
,,,,,,,,,,,,,
,,,,,,,,,,,,,
,,,,,,,,,,,,,
,,,,,,,,,,,,,
,,,,,,,,,,,,,
,,,,,,,,,,,,,
,,,,,,,,,,,,,
,,,,,,,,,,,,,
,,,,,,,,,,,,,
,,,,,,,,,,,,,
,,,,,,,,,,,,,
,,,,,,,,,,,,,
,,,,,,,,,,,,,
,,,,,,,,,,,,,
,,,,,,,,,,,,,
,,,,,,,,,,,,,
,,,,,,,,,,,,,
,,,,,,,,,,,,,
,,,,,,,,,,,,,
,,,,,,,,,,,,,
,,,,,,,,,,,,,
,,,,,,,,,,,,,
,,,,,,,,,,,,,
,,,,,,,,,,,,,
,,,,,,,,,,,,,
,,,,,,,,,,,,,
,,,,,,,,,,,,,
,,,,,,,,,,,,,
,,,,,,,,,,,,,
,,,,,,,,,,,,,
,,,,,,,,,,,,,
,,,,,,,,,,,,,
,,,,,,,,,,,,,
,,,,,,,,,,,,,
,,,,,,,,,,,,,
,,,,,,,,,,,,,
,,,,,,,,,,,,,
,,,,,,,,,,,,,
,,,,,,,,,,,,,
,,,,,,,,,,,,,
,,,,,,,,,,,,,
,,,,,,,,,,,,,
,,,,,,,,,,,,,
,,,,,,,,,,,,,
,,,,,,,,,,,,,
,,,,,,,,,,,,,
,,,,,,,,,,,,,
,,,,,,,,,,,,,
,,,,,,,,,,,,,
,,,,,,,,,,,,,
,,,,,,,,,,,,,
,,,,,,,,,,,,,
,,,,,,,,,,,,,
,,,,,,,,,,,,,
,,,,,,,,,,,,,
,,,,,,,,,,,,,
,,,,,,,,,,,,,
,,,,,,,,,,,,,
,,,,,,,,,,,,,
,,,,,,,,,,,,,
,,,,,,,,,,,,,
,,,,,,,,,,,,,
,,,,,,,,,,,,,
,,,,,,,,,,,,,
,,,,,,,,,,,,,
,,,,,,,,,,,,,
,,,,,,,,,,,,,
,,,,,,,,,,,,,
,,,,,,,,,,,,,
,,,,,,,,,,,,,
,,,,,,,,,,,,,
,,,,,,,,,,,,,
,,,,,,,,,,,,,
,,,,,,,,,,,,,
,,,,,,,,,,,,,
,,,,,,,,,,,,,
,,,,,,,,,,,,,
,,,,,,,,,,,,,
,,,,,,,,,,,,,
,,,,,,,,,,,,,
,,,,,,,,,,,,,
,,,,,,,,,,,,,
,,,,,,,,,,,,,
,,,,,,,,,,,,,
,,,,,,,,,,,,,
,,,,,,,,,,,,,
,,,,,,,,,,,,,
,,,,,,,,,,,,,
,,,,,,,,,,,,,
,,,,,,,,,,,,,
,,,,,,,,,,,,,
,,,,,,,,,,,,,
,,,,,,,,,,,,,
,,,,,,,,,,,,,
,,,,,,,,,,,,,
,,,,,,,,,,,,,
,,,,,,,,,,,,,
,,,,,,,,,,,,,
,,,,,,,,,,,,,
,,,,,,,,,,,,,
,,,,,,,,,,,,,
,,,,,,,,,,,,,
,,,,,,,,,,,,,
,,,,,,,,,,,,,
,,,,,,,,,,,,,
,,,,,,,,,,,,,
,,,,,,,,,,,,,
,,,,,,,,,,,,,
,,,,,,,,,,,,,
,,,,,,,,,,,,,
,,,,,,,,,,,,,
,,,,,,,,,,,,,
,,,,,,,,,,,,,
,,,,,,,,,,,,,
,,,,,,,,,,,,,
,,,,,,,,,,,,,
,,,,,,,,,,,,,
,,,,,,,,,,,,,
,,,,,,,,,,,,,
,,,,,,,,,,,,,
,,,,,,,,,,,,,
,,,,,,,,,,,,,
,,,,,,,,,,,,,
,,,,,,,,,,,,,
,,,,,,,,,,,,,
,,,,,,,,,,,,,
,,,,,,,,,,,,,
,,,,,,,,,,,,,
,,,,,,,,,,,,,
,,,,,,,,,,,,,
,,,,,,,,,,,,,
,,,,,,,,,,,,,
,,,,,,,,,,,,,
,,,,,,,,,,,,,
,,,,,,,,,,,,,
,,,,,,,,,,,,,
,,,,,,,,,,,,,
,,,,,,,,,,,,,
,,,,,,,,,,,,,
,,,,,,,,,,,,,
,,,,,,,,,,,,,
,,,,,,,,,,,,,
,,,,,,,,,,,,,
,,,,,,,,,,,,,
,,,,,,,,,,,,,
,,,,,,,,,,,,,
,,,,,,,,,,,,,
,,,,,,,,,,,,,
,,,,,,,,,,,,,
,,,,,,,,,,,,,
,,,,,,,,,,,,,
,,,,,,,,,,,,,
,,,,,,,,,,,,,
,,,,,,,,,,,,,
,,,,,,,,,,,,,
,,,,,,,,,,,,,
,,,,,,,,,,,,,
,,,,,,,,,,,,,
,,,,,,,,,,,,,
,,,,,,,,,,,,,
,,,,,,,,,,,,,
,,,,,,,,,,,,,
,,,,,,,,,,,,,
,,,,,,,,,,,,,
,,,,,,,,,,,,,
,,,,,,,,,,,,,
,,,,,,,,,,,,,
,,,,,,,,,,,,,
,,,,,,,,,,,,,
,,,,,,,,,,,,,
,,,,,,,,,,,,,
,,,,,,,,,,,,,
,,,,,,,,,,,,,
,,,,,,,,,,,,,
,,,,,,,,,,,,,
,,,,,,,,,,,,,
,,,,,,,,,,,,,
,,,,,,,,,,,,,
,,,,,,,,,,,,,
,,,,,,,,,,,,,
,,,,,,,,,,,,,
,,,,,,,,,,,,,
,,,,,,,,,,,,,
,,,,,,,,,,,,,
,,,,,,,,,,,,,
,,,,,,,,,,,,,
,,,,,,,,,,,,,
,,,,,,,,,,,,,
,,,,,,,,,,,,,
,,,,,,,,,,,,,
,,,,,,,,,,,,,
,,,,,,,,,,,,,
,,,,,,,,,,,,,
,,,,,,,,,,,,,
,,,,,,,,,,,,,
,,,,,,,,,,,,,
,,,,,,,,,,,,,
,,,,,,,,,,,,,
,,,,,,,,,,,,,
,,,,,,,,,,,,,
,,,,,,,,,,,,,
,,,,,,,,,,,,,
,,,,,,,,,,,,,
,,,,,,,,,,,,,
,,,,,,,,,,,,,
,,,,,,,,,,,,,
,,,,,,,,,,,,,
,,,,,,,,,,,,,
,,,,,,,,,,,,,
,,,,,,,,,,,,,
,,,,,,,,,,,,,
,,,,,,,,,,,,,
,,,,,,,,,,,,,
,,,,,,,,,,,,,
,,,,,,,,,,,,,
,,,,,,,,,,,,,
,,,,,,,,,,,,,
,,,,,,,,,,,,,
,,,,,,,,,,,,,
,,,,,,,,,,,,,
,,,,,,,,,,,,,
,,,,,,,,,,,,,
,,,,,,,,,,,,,
,,,,,,,,,,,,,
,,,,,,,,,,,,,
,,,,,,,,,,,,,
,,,,,,,,,,,,,
,,,,,,,,,,,,,
,,,,,,,,,,,,,
,,,,,,,,,,,,,
,,,,,,,,,,,,,
,,,,,,,,,,,,,
,,,,,,,,,,,,,
,,,,,,,,,,,,,
,,,,,,,,,,,,,
,,,,,,,,,,,,,
,,,,,,,,,,,,,
,,,,,,,,,,,,,
,,,,,,,,,,,,,
,,,,,,,,,,,,,
,,,,,,,,,,,,,
,,,,,,,,,,,,,
,,,,,,,,,,,,,
,,,,,,,,,,,,,
,,,,,,,,,,,,,
,,,,,,,,,,,,,
,,,,,,,,,,,,,
,,,,,,,,,,,,,
,,,,,,,,,,,,,
,,,,,,,,,,,,,
,,,,,,,,,,,,,
,,,,,,,,,,,,,
,,,,,,,,,,,,,
,,,,,,,,,,,,,
,,,,,,,,,,,,,
,,,,,,,,,,,,,
,,,,,,,,,,,,,
,,,,,,,,,,,,,
,,,,,,,,,,,,,
,,,,,,,,,,,,,
,,,,,,,,,,,,,
,,,,,,,,,,,,,
,,,,,,,,,,,,,
,,,,,,,,,,,,,
,,,,,,,,,,,,,
,,,,,,,,,,,,,
,,,,,,,,,,,,,
,,,,,,,,,,,,,
,,,,,,,,,,,,,
,,,,,,,,,,,,,
,,,,,,,,,,,,,
,,,,,,,,,,,,,
,,,,,,,,,,,,,
,,,,,,,,,,,,,
,,,,,,,,,,,,,
,,,,,,,,,,,,,
,,,,,,,,,,,,,
,,,,,,,,,,,,,
,,,,,,,,,,,,,
,,,,,,,,,,,,,
,,,,,,,,,,,,,
,,,,,,,,,,,,,
,,,,,,,,,,,,,
,,,,,,,,,,,,,
,,,,,,,,,,,,,
,,,,,,,,,,,,,
,,,,,,,,,,,,,
,,,,,,,,,,,,,
,,,,,,,,,,,,,
,,,,,,,,,,,,,
,,,,,,,,,,,,,
,,,,,,,,,,,,,
,,,,,,,,,,,,,
,,,,,,,,,,,,,
,,,,,,,,,,,,,
,,,,,,,,,,,,,
,,,,,,,,,,,,,
,,,,,,,,,,,,,
,,,,,,,,,,,,,
,,,,,,,,,,,,,
,,,,,,,,,,,,,
,,,,,,,,,,,,,
,,,,,,,,,,,,,
,,,,,,,,,,,,,
,,,,,,,,,,,,,
,,,,,,,,,,,,,
,,,,,,,,,,,,,
,,,,,,,,,,,,,
,,,,,,,,,,,,,
,,,,,,,,,,,,,
,,,,,,,,,,,,,
,,,,,,,,,,,,,
,,,,,,,,,,,,,
,,,,,,,,,,,,,
,,,,,,,,,,,,,
,,,,,,,,,,,,,
,,,,,,,,,,,,,
,,,,,,,,,,,,,
,,,,,,,,,,,,,
,,,,,,,,,,,,,
,,,,,,,,,,,,,
,,,,,,,,,,,,,
,,,,,,,,,,,,,
,,,,,,,,,,,,,
,,,,,,,,,,,,,
,,,,,,,,,,,,,
,,,,,,,,,,,,,
,,,,,,,,,,,,,
,,,,,,,,,,,,,
,,,,,,,,,,,,,
,,,,,,,,,,,,,
,,,,,,,,,,,,,
,,,,,,,,,,,,,
,,,,,,,,,,,,,
,,,,,,,,,,,,,
,,,,,,,,,,,,,
,,,,,,,,,,,,,
,,,,,,,,,,,,,
,,,,,,,,,,,,,
,,,,,,,,,,,,,
,,,,,,,,,,,,,
,,,,,,,,,,,,,
,,,,,,,,,,,,,
,,,,,,,,,,,,,
,,,,,,,,,,,,,
,,,,,,,,,,,,,
,,,,,,,,,,,,,
,,,,,,,,,,,,,
,,,,,,,,,,,,,
,,,,,,,,,,,,,
,,,,,,,,,,,,,
,,,,,,,,,,,,,
,,,,,,,,,,,,,
,,,,,,,,,,,,,
,,,,,,,,,,,,,
,,,,,,,,,,,,,
,,,,,,,,,,,,,
,,,,,,,,,,,,,
,,,,,,,,,,,,,
,,,,,,,,,,,,,
,,,,,,,,,,,,,
,,,,,,,,,,,,,
,,,,,,,,,,,,,
,,,,,,,,,,,,,
,,,,,,,,,,,,,
,,,,,,,,,,,,,
,,,,,,,,,,,,,
,,,,,,,,,,,,,
,,,,,,,,,,,,,
,,,,,,,,,,,,,
,,,,,,,,,,,,,
,,,,,,,,,,,,,
,,,,,,,,,,,,,
,,,,,,,,,,,,,
,,,,,,,,,,,,,
,,,,,,,,,,,,,
,,,,,,,,,,,,,
,,,,,,,,,,,,,
,,,,,,,,,,,,,
,,,,,,,,,,,,,
,,,,,,,,,,,,,
,,,,,,,,,,,,,
,,,,,,,,,,,,,
,,,,,,,,,,,,,
,,,,,,,,,,,,,
,,,,,,,,,,,,,
,,,,,,,,,,,,,
,,,,,,,,,,,,,
,,,,,,,,,,,,,
,,,,,,,,,,,,,
,,,,,,,,,,,,,
,,,,,,,,,,,,,
,,,,,,,,,,,,,
,,,,,,,,,,,,,
,,,,,,,,,,,,,
,,,,,,,,,,,,,
,,,,,,,,,,,,,
,,,,,,,,,,,,,
,,,,,,,,,,,,,
,,,,,,,,,,,,,
,,,,,,,,,,,,,
,,,,,,,,,,,,,
,,,,,,,,,,,,,
,,,,,,,,,,,,,
,,,,,,,,,,,,,
,,,,,,,,,,,,,
,,,,,,,,,,,,,
,,,,,,,,,,,,,
,,,,,,,,,,,,,
,,,,,,,,,,,,,
,,,,,,,,,,,,,
,,,,,,,,,,,,,
,,,,,,,,,,,,,
,,,,,,,,,,,,,
,,,,,,,,,,,,,
,,,,,,,,,,,,,
,,,,,,,,,,,,,
,,,,,,,,,,,,,
,,,,,,,,,,,,,
,,,,,,,,,,,,,
,,,,,,,,,,,,,
,,,,,,,,,,,,,
,,,,,,,,,,,,,
,,,,,,,,,,,,,
,,,,,,,,,,,,,
,,,,,,,,,,,,,
,,,,,,,,,,,,,
,,,,,,,,,,,,,
,,,,,,,,,,,,,
,,,,,,,,,,,,,
,,,,,,,,,,,,,
,,,,,,,,,,,,,
,,,,,,,,,,,,,
,,,,,,,,,,,,,
,,,,,,,,,,,,,
,,,,,,,,,,,,,
,,,,,,,,,,,,,
,,,,,,,,,,,,,
,,,,,,,,,,,,,
,,,,,,,,,,,,,
,,,,,,,,,,,,,
,,,,,,,,,,,,,
,,,,,,,,,,,,,
,,,,,,,,,,,,,
,,,,,,,,,,,,,
,,,,,,,,,,,,,
,,,,,,,,,,,,,
,,,,,,,,,,,,,
,,,,,,,,,,,,,
,,,,,,,,,,,,,
,,,,,,,,,,,,,
,,,,,,,,,,,,,
,,,,,,,,,,,,,
,,,,,,,,,,,,,
,,,,,,,,,,,,,
,,,,,,,,,,,,,
,,,,,,,,,,,,,
,,,,,,,,,,,,,
,,,,,,,,,,,,,
,,,,,,,,,,,,,
,,,,,,,,,,,,,
,,,,,,,,,,,,,
,,,,,,,,,,,,,
,,,,,,,,,,,,,
,,,,,,,,,,,,,
,,,,,,,,,,,,,
,,,,,,,,,,,,,
,,,,,,,,,,,,,
,,,,,,,,,,,,,
,,,,,,,,,,,,,
,,,,,,,,,,,,,
,,,,,,,,,,,,,
,,,,,,,,,,,,,
,,,,,,,,,,,,,
,,,,,,,,,,,,,
,,,,,,,,,,,,,
,,,,,,,,,,,,,
,,,,,,,,,,,,,
,,,,,,,,,,,,,
,,,,,,,,,,,,,
,,,,,,,,,,,,,
,,,,,,,,,,,,,
,,,,,,,,,,,,,
,,,,,,,,,,,,,
,,,,,,,,,,,,,
,,,,,,,,,,,,,
,,,,,,,,,,,,,
,,,,,,,,,,,,,
,,,,,,,,,,,,,
,,,,,,,,,,,,,
,,,,,,,,,,,,,
,,,,,,,,,,,,,
,,,,,,,,,,,,,
,,,,,,,,,,,,,
,,,,,,,,,,,,,
,,,,,,,,,,,,,
,,,,,,,,,,,,,
,,,,,,,,,,,,,
,,,,,,,,,,,,,
,,,,,,,,,,,,,
,,,,,,,,,,,,,
,,,,,,,,,,,,,
,,,,,,,,,,,,,
,,,,,,,,,,,,,
,,,,,,,,,,,,,
,,,,,,,,,,,,,
,,,,,,,,,,,,,
,,,,,,,,,,,,,
,,,,,,,,,,,,,
,,,,,,,,,,,,,
,,,,,,,,,,,,,
,,,,,,,,,,,,,
,,,,,,,,,,,,,
,,,,,,,,,,,,,
,,,,,,,,,,,,,
,,,,,,,,,,,,,
,,,,,,,,,,,,,
,,,,,,,,,,,,,
,,,,,,,,,,,,,
,,,,,,,,,,,,,
,,,,,,,,,,,,,
,,,,,,,,,,,,,
,,,,,,,,,,,,,
,,,,,,,,,,,,,
,,,,,,,,,,,,,
,,,,,,,,,,,,,
,,,,,,,,,,,,,
,,,,,,,,,,,,,
,,,,,,,,,,,,,
,,,,,,,,,,,,,
,,,,,,,,,,,,,
,,,,,,,,,,,,,
,,,,,,,,,,,,,
,,,,,,,,,,,,,
,,,,,,,,,,,,,
,,,,,,,,,,,,,
,,,,,,,,,,,,,
,,,,,,,,,,,,,
,,,,,,,,,,,,,
,,,,,,,,,,,,,
,,,,,,,,,,,,,
,,,,,,,,,,,,,
,,,,,,,,,,,,,
,,,,,,,,,,,,,
,,,,,,,,,,,,,
,,,,,,,,,,,,,
,,,,,,,,,,,,,
,,,,,,,,,,,,,
,,,,,,,,,,,,,
,,,,,,,,,,,,,
,,,,,,,,,,,,,
,,,,,,,,,,,,,
,,,,,,,,,,,,,
,,,,,,,,,,,,,
,,,,,,,,,,,,,
,,,,,,,,,,,,,
,,,,,,,,,,,,,
,,,,,,,,,,,,,
,,,,,,,,,,,,,
,,,,,,,,,,,,,
,,,,,,,,,,,,,
,,,,,,,,,,,,,
,,,,,,,,,,,,,
,,,,,,,,,,,,,
,,,,,,,,,,,,,
,,,,,,,,,,,,,
,,,,,,,,,,,,,
,,,,,,,,,,,,,
,,,,,,,,,,,,,
,,,,,,,,,,,,,
,,,,,,,,,,,,,
,,,,,,,,,,,,,
,,,,,,,,,,,,,
,,,,,,,,,,,,,
,,,,,,,,,,,,,
,,,,,,,,,,,,,
,,,,,,,,,,,,,
,,,,,,,,,,,,,
,,,,,,,,,,,,,
,,,,,,,,,,,,,
,,,,,,,,,,,,,
,,,,,,,,,,,,,
,,,,,,,,,,,,,
,,,,,,,,,,,,,
,,,,,,,,,,,,,
,,,,,,,,,,,,,
,,,,,,,,,,,,,
,,,,,,,,,,,,,
,,,,,,,,,,,,,
,,,,,,,,,,,,,
,,,,,,,,,,,,,
,,,,,,,,,,,,,
,,,,,,,,,,,,,
,,,,,,,,,,,,,
,,,,,,,,,,,,,
,,,,,,,,,,,,,
,,,,,,,,,,,,,
,,,,,,,,,,,,,
,,,,,,,,,,,,,
,,,,,,,,,,,,,
,,,,,,,,,,,,,
,,,,,,,,,,,,,
,,,,,,,,,,,,,
,,,,,,,,,,,,,
,,,,,,,,,,,,,
,,,,,,,,,,,,,
,,,,,,,,,,,,,
,,,,,,,,,,,,,
,,,,,,,,,,,,,
,,,,,,,,,,,,,
,,,,,,,,,,,,,
,,,,,,,,,,,,,
,,,,,,,,,,,,,
,,,,,,,,,,,,,
,,,,,,,,,,,,,
,,,,,,,,,,,,,
,,,,,,,,,,,,,
,,,,,,,,,,,,,
,,,,,,,,,,,,,
,,,,,,,,,,,,,
,,,,,,,,,,,,,
,,,,,,,,,,,,,
,,,,,,,,,,,,,
,,,,,,,,,,,,,
,,,,,,,,,,,,,
,,,,,,,,,,,,,
,,,,,,,,,,,,,
,,,,,,,,,,,,,
,,,,,,,,,,,,,
,,,,,,,,,,,,,
,,,,,,,,,,,,,
,,,,,,,,,,,,,
,,,,,,,,,,,,,
,,,,,,,,,,,,,
,,,,,,,,,,,,,
,,,,,,,,,,,,,
,,,,,,,,,,,,,
,,,,,,,,,,,,,
,,,,,,,,,,,,,
,,,,,,,,,,,,,
,,,,,,,,,,,,,
,,,,,,,,,,,,,
,,,,,,,,,,,,,
,,,,,,,,,,,,,
,,,,,,,,,,,,,
,,,,,,,,,,,,,
,,,,,,,,,,,,,
,,,,,,,,,,,,,
,,,,,,,,,,,,,
,,,,,,,,,,,,,
,,,,,,,,,,,,,
,,,,,,,,,,,,,
,,,,,,,,,,,,,
,,,,,,,,,,,,,
,,,,,,,,,,,,,
,,,,,,,,,,,,,
,,,,,,,,,,,,,
,,,,,,,,,,,,,
,,,,,,,,,,,,,
,,,,,,,,,,,,,
,,,,,,,,,,,,,
,,,,,,,,,,,,,
,,,,,,,,,,,,,
,,,,,,,,,,,,,
,,,,,,,,,,,,,
,,,,,,,,,,,,,
,,,,,,,,,,,,,
,,,,,,,,,,,,,
,,,,,,,,,,,,,
,,,,,,,,,,,,,
,,,,,,,,,,,,,
,,,,,,,,,,,,,
,,,,,,,,,,,,,
,,,,,,,,,,,,,
,,,,,,,,,,,,,
,,,,,,,,,,,,,
,,,,,,,,,,,,,
,,,,,,,,,,,,,
,,,,,,,,,,,,,
,,,,,,,,,,,,,
,,,,,,,,,,,,,
,,,,,,,,,,,,,
,,,,,,,,,,,,,
,,,,,,,,,,,,,
,,,,,,,,,,,,,
,,,,,,,,,,,,,
,,,,,,,,,,,,,
,,,,,,,,,,,,,
,,,,,,,,,,,,,
,,,,,,,,,,,,,
,,,,,,,,,,,,,
,,,,,,,,,,,,,
,,,,,,,,,,,,,
,,,,,,,,,,,,,
,,,,,,,,,,,,,
,,,,,,,,,,,,,
,,,,,,,,,,,,,
,,,,,,,,,,,,,
,,,,,,,,,,,,,
,,,,,,,,,,,,,
,,,,,,,,,,,,,
,,,,,,,,,,,,,
,,,,,,,,,,,,,
,,,,,,,,,,,,,
,,,,,,,,,,,,,
,,,,,,,,,,,,,
,,,,,,,,,,,,,
,,,,,,,,,,,,,
,,,,,,,,,,,,,
,,,,,,,,,,,,,
,,,,,,,,,,,,,
,,,,,,,,,,,,,
,,,,,,,,,,,,,
,,,,,,,,,,,,,
,,,,,,,,,,,,,
,,,,,,,,,,,,,
,,,,,,,,,,,,,
,,,,,,,,,,,,,
,,,,,,,,,,,,,
,,,,,,,,,,,,,
,,,,,,,,,,,,,
,,,,,,,,,,,,,
,,,,,,,,,,,,,
,,,,,,,,,,,,,
,,,,,,,,,,,,,
,,,,,,,,,,,,,
,,,,,,,,,,,,,
,,,,,,,,,,,,,
,,,,,,,,,,,,,
,,,,,,,,,,,,,
,,,,,,,,,,,,,
,,,,,,,,,,,,,
,,,,,,,,,,,,,
,,,,,,,,,,,,,
,,,,,,,,,,,,,
,,,,,,,,,,,,,
,,,,,,,,,,,,,
,,,,,,,,,,,,,
,,,,,,,,,,,,,
,,,,,,,,,,,,,
,,,,,,,,,,,,,
,,,,,,,,,,,,,
,,,,,,,,,,,,,
,,,,,,,,,,,,,
,,,,,,,,,,,,,
,,,,,,,,,,,,,
,,,,,,,,,,,,,
,,,,,,,,,,,,,
,,,,,,,,,,,,,
,,,,,,,,,,,,,
,,,,,,,,,,,,,
,,,,,,,,,,,,,
,,,,,,,,,,,,,
,,,,,,,,,,,,,
,,,,,,,,,,,,,
,,,,,,,,,,,,,
,,,,,,,,,,,,,
,,,,,,,,,,,,,
,,,,,,,,,,,,,
,,,,,,,,,,,,,
,,,,,,,,,,,,,
,,,,,,,,,,,,,
,,,,,,,,,,,,,
,,,,,,,,,,,,,
,,,,,,,,,,,,,
,,,,,,,,,,,,,
,,,,,,,,,,,,,
,,,,,,,,,,,,,
,,,,,,,,,,,,,
,,,,,,,,,,,,,
,,,,,,,,,,,,,
,,,,,,,,,,,,,
,,,,,,,,,,,,,
,,,,,,,,,,,,,
,,,,,,,,,,,,,
,,,,,,,,,,,,,
,,,,,,,,,,,,,
,,,,,,,,,,,,,
,,,,,,,,,,,,,
,,,,,,,,,,,,,
,,,,,,,,,,,,,
,,,,,,,,,,,,,
,,,,,,,,,,,,,
,,,,,,,,,,,,,
,,,,,,,,,,,,,
,,,,,,,,,,,,,
,,,,,,,,,,,,,
,,,,,,,,,,,,,
,,,,,,,,,,,,,
,,,,,,,,,,,,,
,,,,,,,,,,,,,
,,,,,,,,,,,,,
,,,,,,,,,,,,,
,,,,,,,,,,,,,
,,,,,,,,,,,,,
,,,,,,,,,,,,,
,,,,,,,,,,,,,
,,,,,,,,,,,,,
,,,,,,,,,,,,,
,,,,,,,,,,,,,
,,,,,,,,,,,,,
,,,,,,,,,,,,,
,,,,,,,,,,,,,
,,,,,,,,,,,,,
,,,,,,,,,,,,,
,,,,,,,,,,,,,
,,,,,,,,,,,,,
,,,,,,,,,,,,,
,,,,,,,,,,,,,
,,,,,,,,,,,,,
,,,,,,,,,,,,,
,,,,,,,,,,,,,
,,,,,,,,,,,,,
,,,,,,,,,,,,,
,,,,,,,,,,,,,
,,,,,,,,,,,,,
,,,,,,,,,,,,,
,,,,,,,,,,,,,
,,,,,,,,,,,,,
,,,,,,,,,,,,,
,,,,,,,,,,,,,
,,,,,,,,,,,,,
,,,,,,,,,,,,,
,,,,,,,,,,,,,
,,,,,,,,,,,,,
,,,,,,,,,,,,,
,,,,,,,,,,,,,
,,,,,,,,,,,,,
,,,,,,,,,,,,,
,,,,,,,,,,,,,
,,,,,,,,,,,,,
,,,,,,,,,,,,,
,,,,,,,,,,,,,
,,,,,,,,,,,,,
,,,,,,,,,,,,,
,,,,,,,,,,,,,
,,,,,,,,,,,,,
,,,,,,,,,,,,,
,,,,,,,,,,,,,
,,,,,,,,,,,,,
,,,,,,,,,,,,,
,,,,,,,,,,,,,
,,,,,,,,,,,,,
,,,,,,,,,,,,,
,,,,,,,,,,,,,
,,,,,,,,,,,,,
,,,,,,,,,,,,,
,,,,,,,,,,,,,
,,,,,,,,,,,,,
,,,,,,,,,,,,,
,,,,,,,,,,,,,
,,,,,,,,,,,,,
,,,,,,,,,,,,,
,,,,,,,,,,,,,
,,,,,,,,,,,,,
,,,,,,,,,,,,,
,,,,,,,,,,,,,
,,,,,,,,,,,,,
,,,,,,,,,,,,,
,,,,,,,,,,,,,
,,,,,,,,,,,,,
,,,,,,,,,,,,,
,,,,,,,,,,,,,
,,,,,,,,,,,,,
,,,,,,,,,,,,,
,,,,,,,,,,,,,
,,,,,,,,,,,,,
,,,,,,,,,,,,,
,,,,,,,,,,,,,
,,,,,,,,,,,,,
,,,,,,,,,,,,,
,,,,,,,,,,,,,
,,,,,,,,,,,,,
,,,,,,,,,,,,,
,,,,,,,,,,,,,
,,,,,,,,,,,,,
,,,,,,,,,,,,,
,,,,,,,,,,,,,
,,,,,,,,,,,,,
,,,,,,,,,,,,,
,,,,,,,,,,,,,
,,,,,,,,,,,,,
,,,,,,,,,,,,,
,,,,,,,,,,,,,
,,,,,,,,,,,,,
,,,,,,,,,,,,,
,,,,,,,,,,,,,
,,,,,,,,,,,,,
,,,,,,,,,,,,,
,,,,,,,,,,,,,
,,,,,,,,,,,,,
,,,,,,,,,,,,,
,,,,,,,,,,,,,
,,,,,,,,,,,,,
,,,,,,,,,,,,,
,,,,,,,,,,,,,
,,,,,,,,,,,,,
,,,,,,,,,,,,,
,,,,,,,,,,,,,
,,,,,,,,,,,,,
,,,,,,,,,,,,,
,,,,,,,,,,,,,
,,,,,,,,,,,,,
,,,,,,,,,,,,,
,,,,,,,,,,,,,
,,,,,,,,,,,,,
,,,,,,,,,,,,,
,,,,,,,,,,,,,
,,,,,,,,,,,,,
,,,,,,,,,,,,,
,,,,,,,,,,,,,
,,,,,,,,,,,,,
,,,,,,,,,,,,,
,,,,,,,,,,,,,
,,,,,,,,,,,,,
,,,,,,,,,,,,,
,,,,,,,,,,,,,
,,,,,,,,,,,,,
,,,,,,,,,,,,,
,,,,,,,,,,,,,
,,,,,,,,,,,,,
,,,,,,,,,,,,,
,,,,,,,,,,,,,
,,,,,,,,,,,,,
,,,,,,,,,,,,,
,,,,,,,,,,,,,
,,,,,,,,,,,,,
,,,,,,,,,,,,,
,,,,,,,,,,,,,
,,,,,,,,,,,,,
,,,,,,,,,,,,,
,,,,,,,,,,,,,
,,,,,,,,,,,,,
,,,,,,,,,,,,,
,,,,,,,,,,,,,
,,,,,,,,,,,,,
,,,,,,,,,,,,,
,,,,,,,,,,,,,
,,,,,,,,,,,,,
,,,,,,,,,,,,,
,,,,,,,,,,,,,
,,,,,,,,,,,,,
,,,,,,,,,,,,,
,,,,,,,,,,,,,
,,,,,,,,,,,,,
,,,,,,,,,,,,,
,,,,,,,,,,,,,
,,,,,,,,,,,,,
,,,,,,,,,,,,,
,,,,,,,,,,,,,
,,,,,,,,,,,,,
,,,,,,,,,,,,,
,,,,,,,,,,,,,
,,,,,,,,,,,,,
,,,,,,,,,,,,,
,,,,,,,,,,,,,
,,,,,,,,,,,,,
,,,,,,,,,,,,,
,,,,,,,,,,,,,
,,,,,,,,,,,,,
,,,,,,,,,,,,,
,,,,,,,,,,,,,
,,,,,,,,,,,,,
,,,,,,,,,,,,,
,,,,,,,,,,,,,
,,,,,,,,,,,,,
,,,,,,,,,,,,,
,,,,,,,,,,,,,
,,,,,,,,,,,,,
,,,,,,,,,,,,,
,,,,,,,,,,,,,
,,,,,,,,,,,,,
,,,,,,,,,,,,,
,,,,,,,,,,,,,
,,,,,,,,,,,,,
,,,,,,,,,,,,,
,,,,,,,,,,,,,
,,,,,,,,,,,,,
,,,,,,,,,,,,,
,,,,,,,,,,,,,
,,,,,,,,,,,,,
,,,,,,,,,,,,,
,,,,,,,,,,,,,
,,,,,,,,,,,,,
,,,,,,,,,,,,,
,,,,,,,,,,,,,
,,,,,,,,,,,,,
,,,,,,,,,,,,,
,,,,,,,,,,,,,
,,,,,,,,,,,,,
,,,,,,,,,,,,,
,,,,,,,,,,,,,
,,,,,,,,,,,,,
,,,,,,,,,,,,,
,,,,,,,,,,,,,
,,,,,,,,,,,,,
,,,,,,,,,,,,,
,,,,,,,,,,,,,
,,,,,,,,,,,,,
,,,,,,,,,,,,,
,,,,,,,,,,,,,
,,,,,,,,,,,,,
,,,,,,,,,,,,,
,,,,,,,,,,,,,
,,,,,,,,,,,,,
,,,,,,,,,,,,,
,,,,,,,,,,,,,
,,,,,,,,,,,,,
,,,,,,,,,,,,,
,,,,,,,,,,,,,
,,,,,,,,,,,,,
,,,,,,,,,,,,,
,,,,,,,,,,,,,
,,,,,,,,,,,,,
,,,,,,,,,,,,,
,,,,,,,,,,,,,
,,,,,,,,,,,,,
,,,,,,,,,,,,,
,,,,,,,,,,,,,
,,,,,,,,,,,,,
,,,,,,,,,,,,,
,,,,,,,,,,,,,
,,,,,,,,,,,,,
,,,,,,,,,,,,,
,,,,,,,,,,,,,
,,,,,,,,,,,,,
,,,,,,,,,,,,,
,,,,,,,,,,,,,
,,,,,,,,,,,,,
,,,,,,,,,,,,,
,,,,,,,,,,,,,
,,,,,,,,,,,,,
,,,,,,,,,,,,,
,,,,,,,,,,,,,
,,,,,,,,,,,,,
,,,,,,,,,,,,,
,,,,,,,,,,,,,
,,,,,,,,,,,,,
,,,,,,,,,,,,,
,,,,,,,,,,,,,
,,,,,,,,,,,,,
,,,,,,,,,,,,,
,,,,,,,,,,,,,
,,,,,,,,,,,,,
,,,,,,,,,,,,,
,,,,,,,,,,,,,
,,,,,,,,,,,,,
,,,,,,,,,,,,,
,,,,,,,,,,,,,
,,,,,,,,,,,,,
,,,,,,,,,,,,,
,,,,,,,,,,,,,
,,,,,,,,,,,,,
,,,,,,,,,,,,,
,,,,,,,,,,,,,
,,,,,,,,,,,,,
,,,,,,,,,,,,,
,,,,,,,,,,,,,
,,,,,,,,,,,,,
,,,,,,,,,,,,,
,,,,,,,,,,,,,
,,,,,,,,,,,,,
,,,,,,,,,,,,,
,,,,,,,,,,,,,
,,,,,,,,,,,,,
,,,,,,,,,,,,,
,,,,,,,,,,,,,
,,,,,,,,,,,,,
,,,,,,,,,,,,,
,,,,,,,,,,,,,
,,,,,,,,,,,,,
,,,,,,,,,,,,,
,,,,,,,,,,,,,
,,,,,,,,,,,,,
,,,,,,,,,,,,,
,,,,,,,,,,,,,
,,,,,,,,,,,,,
,,,,,,,,,,,,,
,,,,,,,,,,,,,
,,,,,,,,,,,,,
,,,,,,,,,,,,,
,,,,,,,,,,,,,
,,,,,,,,,,,,,
,,,,,,,,,,,,,
,,,,,,,,,,,,,
,,,,,,,,,,,,,
,,,,,,,,,,,,,
,,,,,,,,,,,,,
,,,,,,,,,,,,,
,,,,,,,,,,,,,
,,,,,,,,,,,,,
,,,,,,,,,,,,,
,,,,,,,,,,,,,
,,,,,,,,,,,,,
,,,,,,,,,,,,,
,,,,,,,,,,,,,
,,,,,,,,,,,,,
,,,,,,,,,,,,,
,,,,,,,,,,,,,
,,,,,,,,,,,,,
,,,,,,,,,,,,,
,,,,,,,,,,,,,
,,,,,,,,,,,,,
,,,,,,,,,,,,,
,,,,,,,,,,,,,
,,,,,,,,,,,,,
,,,,,,,,,,,,,
,,,,,,,,,,,,,
,,,,,,,,,,,,,
,,,,,,,,,,,,,
,,,,,,,,,,,,,
,,,,,,,,,,,,,
,,,,,,,,,,,,,
,,,,,,,,,,,,,
,,,,,,,,,,,,,
,,,,,,,,,,,,,
,,,,,,,,,,,,,
,,,,,,,,,,,,,
,,,,,,,,,,,,,
,,,,,,,,,,,,,
,,,,,,,,,,,,,
,,,,,,,,,,,,,
,,,,,,,,,,,,,
,,,,,,,,,,,,,
,,,,,,,,,,,,,
,,,,,,,,,,,,,
,,,,,,,,,,,,,
,,,,,,,,,,,,,
,,,,,,,,,,,,,
,,,,,,,,,,,,,
,,,,,,,,,,,,,
,,,,,,,,,,,,,
,,,,,,,,,,,,,
,,,,,,,,,,,,,
,,,,,,,,,,,,,
,,,,,,,,,,,,,
,,,,,,,,,,,,,
,,,,,,,,,,,,,
,,,,,,,,,,,,,
,,,,,,,,,,,,,
,,,,,,,,,,,,,
,,,,,,,,,,,,,
,,,,,,,,,,,,,
,,,,,,,,,,,,,
,,,,,,,,,,,,,
,,,,,,,,,,,,,
,,,,,,,,,,,,,
,,,,,,,,,,,,,
,,,,,,,,,,,,,
,,,,,,,,,,,,,
,,,,,,,,,,,,,
,,,,,,,,,,,,,
,,,,,,,,,,,,,
,,,,,,,,,,,,,
,,,,,,,,,,,,,
,,,,,,,,,,,,,
,,,,,,,,,,,,,
,,,,,,,,,,,,,
,,,,,,,,,,,,,
,,,,,,,,,,,,,
,,,,,,,,,,,,,
,,,,,,,,,,,,,
,,,,,,,,,,,,,
,,,,,,,,,,,,,
,,,,,,,,,,,,,
,,,,,,,,,,,,,
,,,,,,,,,,,,,
,,,,,,,,,,,,,
,,,,,,,,,,,,,
,,,,,,,,,,,,,
,,,,,,,,,,,,,
,,,,,,,,,,,,,
,,,,,,,,,,,,,
,,,,,,,,,,,,,
,,,,,,,,,,,,,
,,,,,,,,,,,,,
,,,,,,,,,,,,,
,,,,,,,,,,,,,
,,,,,,,,,,,,,
,,,,,,,,,,,,,
,,,,,,,,,,,,,
,,,,,,,,,,,,,
,,,,,,,,,,,,,
,,,,,,,,,,,,,
,,,,,,,,,,,,,
,,,,,,,,,,,,,
,,,,,,,,,,,,,
,,,,,,,,,,,,,
,,,,,,,,,,,,,
,,,,,,,,,,,,,
,,,,,,,,,,,,,
,,,,,,,,,,,,,
,,,,,,,,,,,,,
,,,,,,,,,,,,,
,,,,,,,,,,,,,
,,,,,,,,,,,,,
,,,,,,,,,,,,,
,,,,,,,,,,,,,
,,,,,,,,,,,,,
,,,,,,,,,,,,,
,,,,,,,,,,,,,
,,,,,,,,,,,,,
,,,,,,,,,,,,,
,,,,,,,,,,,,,
,,,,,,,,,,,,,
,,,,,,,,,,,,,
,,,,,,,,,,,,,
,,,,,,,,,,,,,
,,,,,,,,,,,,,
,,,,,,,,,,,,,
,,,,,,,,,,,,,
,,,,,,,,,,,,,
,,,,,,,,,,,,,
,,,,,,,,,,,,,
,,,,,,,,,,,,,
,,,,,,,,,,,,,
,,,,,,,,,,,,,
,,,,,,,,,,,,,
,,,,,,,,,,,,,
,,,,,,,,,,,,,
,,,,,,,,,,,,,
,,,,,,,,,,,,,
,,,,,,,,,,,,,
,,,,,,,,,,,,,
,,,,,,,,,,,,,
,,,,,,,,,,,,,
,,,,,,,,,,,,,
,,,,,,,,,,,,,
,,,,,,,,,,,,,
,,,,,,,,,,,,,
,,,,,,,,,,,,,
,,,,,,,,,,,,,
,,,,,,,,,,,,,
,,,,,,,,,,,,,
,,,,,,,,,,,,,
,,,,,,,,,,,,,
,,,,,,,,,,,,,
,,,,,,,,,,,,,
,,,,,,,,,,,,,
,,,,,,,,,,,,,
,,,,,,,,,,,,,
,,,,,,,,,,,,,
,,,,,,,,,,,,,
,,,,,,,,,,,,,
,,,,,,,,,,,,,
,,,,,,,,,,,,,
,,,,,,,,,,,,,
,,,,,,,,,,,,,
,,,,,,,,,,,,,
,,,,,,,,,,,,,
,,,,,,,,,,,,,
,,,,,,,,,,,,,
,,,,,,,,,,,,,
,,,,,,,,,,,,,
,,,,,,,,,,,,,
,,,,,,,,,,,,,
,,,,,,,,,,,,,
,,,,,,,,,,,,,
,,,,,,,,,,,,,
,,,,,,,,,,,,,
,,,,,,,,,,,,,
,,,,,,,,,,,,,
,,,,,,,,,,,,,
,,,,,,,,,,,,,
,,,,,,,,,,,,,
,,,,,,,,,,,,,
,,,,,,,,,,,,,
,,,,,,,,,,,,,
,,,,,,,,,,,,,
,,,,,,,,,,,,,
,,,,,,,,,,,,,
,,,,,,,,,,,,,
,,,,,,,,,,,,,
,,,,,,,,,,,,,
,,,,,,,,,,,,,
,,,,,,,,,,,,,
,,,,,,,,,,,,,
,,,,,,,,,,,,,
,,,,,,,,,,,,,
,,,,,,,,,,,,,
,,,,,,,,,,,,,
,,,,,,,,,,,,,
,,,,,,,,,,,,,
,,,,,,,,,,,,,
,,,,,,,,,,,,,
,,,,,,,,,,,,,
,,,,,,,,,,,,,
,,,,,,,,,,,,,
,,,,,,,,,,,,,
,,,,,,,,,,,,,
,,,,,,,,,,,,,
,,,,,,,,,,,,,
,,,,,,,,,,,,,
,,,,,,,,,,,,,
,,,,,,,,,,,,,
,,,,,,,,,,,,,
,,,,,,,,,,,,,
,,,,,,,,,,,,,
,,,,,,,,,,,,,
,,,,,,,,,,,,,
,,,,,,,,,,,,,
,,,,,,,,,,,,,
,,,,,,,,,,,,,
,,,,,,,,,,,,,
,,,,,,,,,,,,,
,,,,,,,,,,,,,
,,,,,,,,,,,,,
,,,,,,,,,,,,,
,,,,,,,,,,,,,
,,,,,,,,,,,,,
,,,,,,,,,,,,,
,,,,,,,,,,,,,
,,,,,,,,,,,,,
,,,,,,,,,,,,,
,,,,,,,,,,,,,
,,,,,,,,,,,,,
,,,,,,,,,,,,,
,,,,,,,,,,,,,
,,,,,,,,,,,,,
,,,,,,,,,,,,,
,,,,,,,,,,,,,
,,,,,,,,,,,,,
,,,,,,,,,,,,,
,,,,,,,,,,,,,
,,,,,,,,,,,,,
,,,,,,,,,,,,,
,,,,,,,,,,,,,
,,,,,,,,,,,,,
,,,,,,,,,,,,,
,,,,,,,,,,,,,
,,,,,,,,,,,,,
,,,,,,,,,,,,,
,,,,,,,,,,,,,
,,,,,,,,,,,,,
,,,,,,,,,,,,,
,,,,,,,,,,,,,
,,,,,,,,,,,,,
,,,,,,,,,,,,,
,,,,,,,,,,,,,
,,,,,,,,,,,,,
,,,,,,,,,,,,,
,,,,,,,,,,,,,
,,,,,,,,,,,,,
,,,,,,,,,,,,,
,,,,,,,,,,,,,
,,,,,,,,,,,,,
,,,,,,,,,,,,,
,,,,,,,,,,,,,
,,,,,,,,,,,,,
,,,,,,,,,,,,,
,,,,,,,,,,,,,
,,,,,,,,,,,,,
,,,,,,,,,,,,,
,,,,,,,,,,,,,
,,,,,,,,,,,,,
,,,,,,,,,,,,,
,,,,,,,,,,,,,
,,,,,,,,,,,,,
,,,,,,,,,,,,,
,,,,,,,,,,,,,
,,,,,,,,,,,,,
,,,,,,,,,,,,,
,,,,,,,,,,,,,
,,,,,,,,,,,,,
,,,,,,,,,,,,,
,,,,,,,,,,,,,
,,,,,,,,,,,,,
,,,,,,,,,,,,,
,,,,,,,,,,,,,
,,,,,,,,,,,,,
,,,,,,,,,,,,,
,,,,,,,,,,,,,
,,,,,,,,,,,,,
,,,,,,,,,,,,,
,,,,,,,,,,,,,
,,,,,,,,,,,,,
,,,,,,,,,,,,,
,,,,,,,,,,,,,
,,,,,,,,,,,,,
,,,,,,,,,,,,,
,,,,,,,,,,,,,
,,,,,,,,,,,,,
,,,,,,,,,,,,,
,,,,,,,,,,,,,
,,,,,,,,,,,,,
,,,,,,,,,,,,,
,,,,,,,,,,,,,
,,,,,,,,,,,,,
,,,,,,,,,,,,,
,,,,,,,,,,,,,
,,,,,,,,,,,,,
,,,,,,,,,,,,,
,,,,,,,,,,,,,
,,,,,,,,,,,,,
,,,,,,,,,,,,,
,,,,,,,,,,,,,
,,,,,,,,,,,,,
,,,,,,,,,,,,,
,,,,,,,,,,,,,
,,,,,,,,,,,,,
,,,,,,,,,,,,,
,,,,,,,,,,,,,
,,,,,,,,,,,,,
,,,,,,,,,,,,,
,,,,,,,,,,,,,
,,,,,,,,,,,,,
,,,,,,,,,,,,,
,,,,,,,,,,,,,
,,,,,,,,,,,,,
,,,,,,,,,,,,,
,,,,,,,,,,,,,
,,,,,,,,,,,,,
,,,,,,,,,,,,,
,,,,,,,,,,,,,
,,,,,,,,,,,,,
,,,,,,,,,,,,,
,,,,,,,,,,,,,
,,,,,,,,,,,,,
,,,,,,,,,,,,,
,,,,,,,,,,,,,
,,,,,,,,,,,,,
,,,,,,,,,,,,,
,,,,,,,,,,,,,
,,,,,,,,,,,,,
,,,,,,,,,,,,,
,,,,,,,,,,,,,
,,,,,,,,,,,,,
,,,,,,,,,,,,,
,,,,,,,,,,,,,
,,,,,,,,,,,,,
,,,,,,,,,,,,,
,,,,,,,,,,,,,
,,,,,,,,,,,,,
,,,,,,,,,,,,,
,,,,,,,,,,,,,
,,,,,,,,,,,,,
,,,,,,,,,,,,,
,,,,,,,,,,,,,
,,,,,,,,,,,,,
,,,,,,,,,,,,,
,,,,,,,,,,,,,
,,,,,,,,,,,,,
,,,,,,,,,,,,,
,,,,,,,,,,,,,
,,,,,,,,,,,,,
,,,,,,,,,,,,,
,,,,,,,,,,,,,
,,,,,,,,,,,,,
,,,,,,,,,,,,,
,,,,,,,,,,,,,
,,,,,,,,,,,,,
,,,,,,,,,,,,,
,,,,,,,,,,,,,
,,,,,,,,,,,,,
,,,,,,,,,,,,,
,,,,,,,,,,,,,
,,,,,,,,,,,,,
,,,,,,,,,,,,,
,,,,,,,,,,,,,
,,,,,,,,,,,,,
,,,,,,,,,,,,,
,,,,,,,,,,,,,
,,,,,,,,,,,,,
,,,,,,,,,,,,,
,,,,,,,,,,,,,
,,,,,,,,,,,,,
,,,,,,,,,,,,,
,,,,,,,,,,,,,
,,,,,,,,,,,,,
,,,,,,,,,,,,,
,,,,,,,,,,,,,
,,,,,,,,,,,,,
,,,,,,,,,,,,,
,,,,,,,,,,,,,
,,,,,,,,,,,,,
,,,,,,,,,,,,,
,,,,,,,,,,,,,
,,,,,,,,,,,,,
,,,,,,,,,,,,,
,,,,,,,,,,,,,
,,,,,,,,,,,,,
,,,,,,,,,,,,,
,,,,,,,,,,,,,
,,,,,,,,,,,,,
,,,,,,,,,,,,,
,,,,,,,,,,,,,
,,,,,,,,,,,,,
,,,,,,,,,,,,,
,,,,,,,,,,,,,
,,,,,,,,,,,,,
,,,,,,,,,,,,,
,,,,,,,,,,,,,
,,,,,,,,,,,,,
,,,,,,,,,,,,,
,,,,,,,,,,,,,
,,,,,,,,,,,,,
,,,,,,,,,,,,,
,,,,,,,,,,,,,
,,,,,,,,,,,,,
,,,,,,,,,,,,,
,,,,,,,,,,,,,
,,,,,,,,,,,,,
,,,,,,,,,,,,,
,,,,,,,,,,,,,
,,,,,,,,,,,,,
,,,,,,,,,,,,,
,,,,,,,,,,,,,
,,,,,,,,,,,,,
,,,,,,,,,,,,,
,,,,,,,,,,,,,
,,,,,,,,,,,,,
,,,,,,,,,,,,,
,,,,,,,,,,,,,
,,,,,,,,,,,,,
,,,,,,,,,,,,,
,,,,,,,,,,,,,
,,,,,,,,,,,,,
,,,,,,,,,,,,,
,,,,,,,,,,,,,
,,,,,,,,,,,,,
,,,,,,,,,,,,,
,,,,,,,,,,,,,
,,,,,,,,,,,,,
,,,,,,,,,,,,,
,,,,,,,,,,,,,
,,,,,,,,,,,,,
,,,,,,,,,,,,,
,,,,,,,,,,,,,
,,,,,,,,,,,,,
,,,,,,,,,,,,,
,,,,,,,,,,,,,
,,,,,,,,,,,,,
,,,,,,,,,,,,,
,,,,,,,,,,,,,
,,,,,,,,,,,,,
,,,,,,,,,,,,,
,,,,,,,,,,,,,
,,,,,,,,,,,,,
,,,,,,,,,,,,,
,,,,,,,,,,,,,
,,,,,,,,,,,,,
,,,,,,,,,,,,,
,,,,,,,,,,,,,
,,,,,,,,,,,,,
,,,,,,,,,,,,,
,,,,,,,,,,,,,
,,,,,,,,,,,,,
,,,,,,,,,,,,,
,,,,,,,,,,,,,
,,,,,,,,,,,,,
,,,,,,,,,,,,,
,,,,,,,,,,,,,
,,,,,,,,,,,,,
,,,,,,,,,,,,,
,,,,,,,,,,,,,
,,,,,,,,,,,,,
,,,,,,,,,,,,,
,,,,,,,,,,,,,
,,,,,,,,,,,,,
,,,,,,,,,,,,,
,,,,,,,,,,,,,
,,,,,,,,,,,,,
,,,,,,,,,,,,,
,,,,,,,,,,,,,
,,,,,,,,,,,,,
,,,,,,,,,,,,,
,,,,,,,,,,,,,
,,,,,,,,,,,,,
,,,,,,,,,,,,,
,,,,,,,,,,,,,
,,,,,,,,,,,,,
,,,,,,,,,,,,,
,,,,,,,,,,,,,
,,,,,,,,,,,,,
,,,,,,,,,,,,,
,,,,,,,,,,,,,
,,,,,,,,,,,,,
,,,,,,,,,,,,,
,,,,,,,,,,,,,
,,,,,,,,,,,,,
,,,,,,,,,,,,,
,,,,,,,,,,,,,
,,,,,,,,,,,,,
,,,,,,,,,,,,,
,,,,,,,,,,,,,
,,,,,,,,,,,,,
,,,,,,,,,,,,,
,,,,,,,,,,,,,
,,,,,,,,,,,,,
,,,,,,,,,,,,,
,,,,,,,,,,,,,
,,,,,,,,,,,,,
,,,,,,,,,,,,,
,,,,,,,,,,,,,
,,,,,,,,,,,,,
,,,,,,,,,,,,,
,,,,,,,,,,,,,
,,,,,,,,,,,,,
,,,,,,,,,,,,,
,,,,,,,,,,,,,
,,,,,,,,,,,,,
,,,,,,,,,,,,,
,,,,,,,,,,,,,
,,,,,,,,,,,,,
,,,,,,,,,,,,,
,,,,,,,,,,,,,
,,,,,,,,,,,,,
,,,,,,,,,,,,,
,,,,,,,,,,,,,
,,,,,,,,,,,,,
,,,,,,,,,,,,,
,,,,,,,,,,,,,
,,,,,,,,,,,,,
,,,,,,,,,,,,,
,,,,,,,,,,,,,
,,,,,,,,,,,,,
,,,,,,,,,,,,,
,,,,,,,,,,,,,
,,,,,,,,,,,,,
,,,,,,,,,,,,,
,,,,,,,,,,,,,
,,,,,,,,,,,,,
,,,,,,,,,,,,,
,,,,,,,,,,,,,
,,,,,,,,,,,,,
,,,,,,,,,,,,,
,,,,,,,,,,,,,
,,,,,,,,,,,,,
,,,,,,,,,,,,,
,,,,,,,,,,,,,
,,,,,,,,,,,,,
,,,,,,,,,,,,,
,,,,,,,,,,,,,
,,,,,,,,,,,,,
,,,,,,,,,,,,,
,,,,,,,,,,,,,
,,,,,,,,,,,,,
,,,,,,,,,,,,,
,,,,,,,,,,,,,
,,,,,,,,,,,,,
,,,,,,,,,,,,,
,,,,,,,,,,,,,
,,,,,,,,,,,,,
,,,,,,,,,,,,,
,,,,,,,,,,,,,
,,,,,,,,,,,,,
,,,,,,,,,,,,,
,,,,,,,,,,,,,
,,,,,,,,,,,,,
,,,,,,,,,,,,,
,,,,,,,,,,,,,
,,,,,,,,,,,,,
,,,,,,,,,,,,,
,,,,,,,,,,,,,
,,,,,,,,,,,,,
,,,,,,,,,,,,,
,,,,,,,,,,,,,
,,,,,,,,,,,,,
,,,,,,,,,,,,,
,,,,,,,,,,,,,
,,,,,,,,,,,,,
,,,,,,,,,,,,,
,,,,,,,,,,,,,
,,,,,,,,,,,,,
,,,,,,,,,,,,,
,,,,,,,,,,,,,
,,,,,,,,,,,,,
,,,,,,,,,,,,,
,,,,,,,,,,,,,
,,,,,,,,,,,,,
,,,,,,,,,,,,,
,,,,,,,,,,,,,
,,,,,,,,,,,,,
,,,,,,,,,,,,,
,,,,,,,,,,,,,
,,,,,,,,,,,,,
,,,,,,,,,,,,,
,,,,,,,,,,,,,
,,,,,,,,,,,,,
,,,,,,,,,,,,,
,,,,,,,,,,,,,
,,,,,,,,,,,,,
,,,,,,,,,,,,,
,,,,,,,,,,,,,
,,,,,,,,,,,,,
,,,,,,,,,,,,,
,,,,,,,,,,,,,
,,,,,,,,,,,,,
,,,,,,,,,,,,,
,,,,,,,,,,,,,
,,,,,,,,,,,,,
,,,,,,,,,,,,,
,,,,,,,,,,,,,
,,,,,,,,,,,,,
,,,,,,,,,,,,,
,,,,,,,,,,,,,
,,,,,,,,,,,,,
,,,,,,,,,,,,,
,,,,,,,,,,,,,
,,,,,,,,,,,,,
,,,,,,,,,,,,,
,,,,,,,,,,,,,
,,,,,,,,,,,,,
,,,,,,,,,,,,,
,,,,,,,,,,,,,
,,,,,,,,,,,,,
,,,,,,,,,,,,,
,,,,,,,,,,,,,
,,,,,,,,,,,,,
,,,,,,,,,,,,,
,,,,,,,,,,,,,
,,,,,,,,,,,,,
,,,,,,,,,,,,,
,,,,,,,,,,,,,
,,,,,,,,,,,,,
,,,,,,,,,,,,,
,,,,,,,,,,,,,
,,,,,,,,,,,,,
,,,,,,,,,,,,,
,,,,,,,,,,,,,
,,,,,,,,,,,,,
,,,,,,,,,,,,,
,,,,,,,,,,,,,
,,,,,,,,,,,,,
,,,,,,,,,,,,,
,,,,,,,,,,,,,
,,,,,,,,,,,,,
,,,,,,,,,,,,,
,,,,,,,,,,,,,
,,,,,,,,,,,,,
,,,,,,,,,,,,,
,,,,,,,,,,,,,
,,,,,,,,,,,,,
,,,,,,,,,,,,,
,,,,,,,,,,,,,
,,,,,,,,,,,,,
,,,,,,,,,,,,,
,,,,,,,,,,,,,
,,,,,,,,,,,,,
,,,,,,,,,,,,,
,,,,,,,,,,,,,
,,,,,,,,,,,,,
,,,,,,,,,,,,,
,,,,,,,,,,,,,
,,,,,,,,,,,,,
,,,,,,,,,,,,,
,,,,,,,,,,,,,
,,,,,,,,,,,,,
,,,,,,,,,,,,,
,,,,,,,,,,,,,
,,,,,,,,,,,,,
,,,,,,,,,,,,,
,,,,,,,,,,,,,
,,,,,,,,,,,,,
,,,,,,,,,,,,,
,,,,,,,,,,,,,
,,,,,,,,,,,,,
,,,,,,,,,,,,,
,,,,,,,,,,,,,
,,,,,,,,,,,,,
,,,,,,,,,,,,,
,,,,,,,,,,,,,
,,,,,,,,,,,,,
,,,,,,,,,,,,,
,,,,,,,,,,,,,
,,,,,,,,,,,,,
,,,,,,,,,,,,,
,,,,,,,,,,,,,
,,,,,,,,,,,,,
,,,,,,,,,,,,,
,,,,,,,,,,,,,
,,,,,,,,,,,,,
,,,,,,,,,,,,,
,,,,,,,,,,,,,
,,,,,,,,,,,,,
,,,,,,,,,,,,,
,,,,,,,,,,,,,
,,,,,,,,,,,,,
,,,,,,,,,,,,,
,,,,,,,,,,,,,
,,,,,,,,,,,,,
,,,,,,,,,,,,,
,,,,,,,,,,,,,
,,,,,,,,,,,,,
,,,,,,,,,,,,,
,,,,,,,,,,,,,
,,,,,,,,,,,,,
,,,,,,,,,,,,,
,,,,,,,,,,,,,
,,,,,,,,,,,,,
,,,,,,,,,,,,,
,,,,,,,,,,,,,
,,,,,,,,,,,,,
,,,,,,,,,,,,,
,,,,,,,,,,,,,
,,,,,,,,,,,,,
,,,,,,,,,,,,,
,,,,,,,,,,,,,
,,,,,,,,,,,,,
,,,,,,,,,,,,,
,,,,,,,,,,,,,
,,,,,,,,,,,,,
,,,,,,,,,,,,,
,,,,,,,,,,,,,
,,,,,,,,,,,,,
,,,,,,,,,,,,,
,,,,,,,,,,,,,
,,,,,,,,,,,,,
,,,,,,,,,,,,,
,,,,,,,,,,,,,
,,,,,,,,,,,,,
,,,,,,,,,,,,,
,,,,,,,,,,,,,
,,,,,,,,,,,,,
,,,,,,,,,,,,,
,,,,,,,,,,,,,
,,,,,,,,,,,,,
,,,,,,,,,,,,,
,,,,,,,,,,,,,
,,,,,,,,,,,,,
,,,,,,,,,,,,,
,,,,,,,,,,,,,
,,,,,,,,,,,,,
,,,,,,,,,,,,,
,,,,,,,,,,,,,
,,,,,,,,,,,,,
,,,,,,,,,,,,,
,,,,,,,,,,,,,
,,,,,,,,,,,,,
,,,,,,,,,,,,,
,,,,,,,,,,,,,
,,,,,,,,,,,,,
,,,,,,,,,,,,,
,,,,,,,,,,,,,
,,,,,,,,,,,,,
,,,,,,,,,,,,,
,,,,,,,,,,,,,
,,,,,,,,,,,,,
,,,,,,,,,,,,,
,,,,,,,,,,,,,
,,,,,,,,,,,,,
,,,,,,,,,,,,,
,,,,,,,,,,,,,
,,,,,,,,,,,,,
,,,,,,,,,,,,,
,,,,,,,,,,,,,
,,,,,,,,,,,,,
,,,,,,,,,,,,,
,,,,,,,,,,,,,
,,,,,,,,,,,,,
,,,,,,,,,,,,,
,,,,,,,,,,,,,
,,,,,,,,,,,,,
,,,,,,,,,,,,,
,,,,,,,,,,,,,
,,,,,,,,,,,,,
,,,,,,,,,,,,,
,,,,,,,,,,,,,
,,,,,,,,,,,,,
,,,,,,,,,,,,,
,,,,,,,,,,,,,
,,,,,,,,,,,,,
,,,,,,,,,,,,,
,,,,,,,,,,,,,
,,,,,,,,,,,,,
,,,,,,,,,,,,,
,,,,,,,,,,,,,
,,,,,,,,,,,,,
,,,,,,,,,,,,,
,,,,,,,,,,,,,
,,,,,,,,,,,,,
,,,,,,,,,,,,,
,,,,,,,,,,,,,
,,,,,,,,,,,,,
,,,,,,,,,,,,,
,,,,,,,,,,,,,
,,,,,,,,,,,,,
,,,,,,,,,,,,,
,,,,,,,,,,,,,
,,,,,,,,,,,,,
,,,,,,,,,,,,,
,,,,,,,,,,,,,
,,,,,,,,,,,,,
,,,,,,,,,,,,,
,,,,,,,,,,,,,
,,,,,,,,,,,,,
,,,,,,,,,,,,,
,,,,,,,,,,,,,
,,,,,,,,,,,,,
,,,,,,,,,,,,,